,tweet_id,lat,lon,content,location
837667447436115969,837667447436115969,,,"RT @BostonSparks: In the last 12 hours A10 and A11 have responded to a 3rd Alarm in Newton, 3rd Alarm in Boston, 2nd Alarm in... https://t.‚Ä¶",Waltham Massachusetts
837667446987325440,837667446987325440,,,RT @uhmshannon: https://t.co/sUnuLJN2cp,boston
837667443866742784,837667443866742784,,,RT @ThatNigga_Nicee: Lmao I be saying the same shit while I'm in the process of rolling a blunt üòÇüòÇüòÇ https://t.co/LhidzDTQTG,"Boston, MA"
837667443342442496,837667443342442496,,,Hypocrite.. oh wait in Jesus name I drive out hypocrisy https://t.co/hEK4WjS4zj,"Winchester, MA"
837667442038026240,837667442038026240,,,weei‚Äã.com &gt;&gt; David Ortiz reportedly undecided about announcing Red Sox games this season https://t.co/rVOGUtBSOT,"Boston, MA"
837667534752997376,837667534752997376,,,RT @OnlyInBOS: One month from today is @RedSox #OpeningDay. Let that sink in... https://t.co/ca0JPSVpvB,
837667534044295169,837667534044295169,,,"@ComplicitOwl I'm in Boston for the day, any local tips? I will ditch this sports conference in a second to get a Switch",Boston
837667531770970113,837667531770970113,,,RT @Digitalmstream: How to Improve Your Social Engagement Without Ads via @Strong_Social https://t.co/kk8V1LaNTv #DigitalMarketing #socialm‚Ä¶,"Safety Harbor, FL"
837667530449760259,837667530449760259,,,Everyone at IC! Come see the preview for my Senior Showcase today at 5pm in the Hoerner at Dillingham! Let the BFAs of 2017 entertain you!,"Boston, MA"
837667529937989632,837667529937989632,,,Love love love...dare I say it again...LOVE! #newsong #lovethissong #listentothis #goodmusic‚Ä¶ https://t.co/Nkj4BC8FnA,"Boston, MA"
837667627237576704,837667627237576704,,,"RT @ValaAfshar: You will not regret:

1 quality time with loved ones
2 sharing your knowledge 
3 work that brings you joy 
4 living a recom‚Ä¶",Tampa
837667625668853760,837667625668853760,,,@JesseLarkin DAMMIT,"Boston, MA"
837667624930721794,837667624930721794,,,"RT @OnlyInBOS: 16 years ago today, Chelsea's Johnny Ruiz defeated Evander Holyfield to become 1st Latino WBA heavyweight champion. https://‚Ä¶",TV| NESN|Worldwide syndication
837667624305704962,837667624305704962,,,"RT @OnlyInBOS: Hi.

My name is Ivan.

I'm a 10 month old kitten.

My legs are deformed but I can still love you.

I'm @MspcaAngell: adoptio‚Ä¶",
837667623966031876,837667623966031876,,,#draintheswamp https://t.co/eN1j7Br4GK,"Boston, MA"
837667710989369345,837667710989369345,,,RT @BiologistDan: 7130 #cheetahs left in the wild. Down 93% in only 100 yrs. The Cheetah is one of many facing #extinction! RT to support #‚Ä¶,"Texas, USA"
837667710007934976,837667710007934976,,,"Not listening to podcasts? Here's my favorites, especially when traveling, that you should give a go!  https://t.co/mIPxNgNucD #trypod","boston, ma"
837667709039038464,837667709039038464,,,"Major Casting News for Inhumans, the X-Men¬†TV Show, and More https://t.co/86CEcY0IMm https://t.co/jzjXD9SGfj","Boston, MA"
837667707965358081,837667707965358081,,,RT @mikd33: @realDonaldTrump why would Jared have any business meeting with Russian ambassadors along with Flynn?,NYC
837667707050930176,837667707050930176,,,"RT @blogness: Interview with Pam Springsteen: When Springsteen is your brother, taking photos comes easy. https://t.co/iCqe9YL8L7",
837667797027155969,837667797027155969,,,"RT @DraftKings: #FreebieFriday! Enter to win $10 DK Dollars!
1. Be following @DraftKings
2. RT
Ends 3pm EST: https://t.co/o4msFaYLJP https:‚Ä¶","Indianapolis, IN"
837667796716777474,837667796716777474,,,Wakefield HRC to host Womens Day celebration https://t.co/gMlmOV5Vpg,"Wakefield, MA"
837667795659730944,837667795659730944,,,RT @udaqueness: https://t.co/CiiYkYPldD Ï£ºÏù∏Í≥º Ìï®Íªò ÏïÑÏùºÎûúÎìú Ï†ÑÌÜµÏ∂§ÏùÑ Ï∂îÎäî Ïò§Ïä§Ìä∏Î†àÏùºÎ¶¨Ïïà ÏÖ∞ÌçºÎìú ÎèÖ Secret https://t.co/7SmdaWeyoG,
837667795097759744,837667795097759744,,,The best answer I‚Äôve ever heard to ‚Äúsell me this pen‚Äù https://t.co/1KbfnAW1To #Sales https://t.co/vlrVSDaszo,"Boston, USA"
837667794443436033,837667794443436033,,,Antartica is the only continent without reptiles or snakes. #funfactfriday https://t.co/W52qnYzORS,"Waltham, MA"
837667887879946241,837667887879946241,,,RT @BUSargent: Amazing cartoonist @grahamshawdraw visited the #BU #Aphasia Community Group to demonstrate using drawing as a communication‚Ä¶,"New York, NY"
837667883912056834,837667883912056834,,,Tesla Drivers Are Guinea Pigs for Flawed Self-Driving Software: Owners of newer models are road-testing Tesla‚Äôs‚Ä¶ https://t.co/vJLCCpqwiR,"Boston, MA"
837667882989412356,837667882989412356,,,RT @pymnts: How cars will become personalized digital platforms for content and services: https://t.co/y4gT5XniCo.,
837667881945030656,837667881945030656,,,"RT @Paigest123: Okay, well at the very least, I've lost the weight I'd gained since January 1st. So there's that.",A Barn
837667972546093058,837667972546093058,,,@KiingMiggy @iamkristinejhoy pagaya ng tweet mo,"Boston, MA"
837667972009328640,837667972009328640,,,RT @SasserModestino: TODAY hear about the state of women's advancement from  @randyalbelda @jladge @KarenSpilka @senjehlen @NU_PolicySchool‚Ä¶,Massachusetts
837667971820634118,837667971820634118,,,@MarcPDumont welcome to #Claudesworld effective but somewhat uninspiring #gobruins,"Boston, MA"
837667971786944512,837667971786944512,,,"@NEwertKrocker your flowchart lands in the ""replay Suikoden II"" more than it doesn't. Heh.","Somerville, MA"
837667971564593153,837667971564593153,,,RT @mikd33: @realDonaldTrump this one? https://t.co/J3EehiL8oL,
837668058349113344,837668058349113344,,,Designers: Robots are coming for your jobs https://t.co/63FG9pLbIu by @markrolstonargo via @FastCoDesign,"Boston, MA"
837668058164494336,837668058164494336,,,RT @Harvard: Rihanna draws a crowd in visit to accept Peter J. Gomes Humanitarian Award https://t.co/lEioDPX9Ml,Watching Disney
837668057824833537,837668057824833537,,,"RT @Bet_Labs: 81% of spread dollars were on #Warriors -7.5 vs. Bulls last night

Teams getting +75% of spread dollars are 63-106 (37%) ATS‚Ä¶",Santiago
837668057191448577,837668057191448577,,,RT @WitnessJaelen: My guys bouta go off,
837668056709091328,837668056709091328,,,RT @AnnaMeiler: Hernandez has arrived in court for day 3 of double murder trial. Greets defense team with smile and hugs #WBZ,Boston
837668143392677888,837668143392677888,,,RT @AnnaTaughtYou: I'm a sad bean,A hole of crippling depression
837668142444761088,837668142444761088,,,RT @RawheaD: @Temp002a „Åù„Åì„Çâ„Å∏„Çì„ÅÆÁüõÁõæ„ÅØÁ¢∫„Åã„Å´„ÅÇ„Çä„Åæ„Åô„Å≠„ÄÅÁâπ„Å´„É®„Éº„É≠„ÉÉ„Éë„Å´„Åä„Åë„Çã„Éñ„É´„Ç´ÔºàÁ≠âÔºâ„ÅÆÊâ±„ÅÑ„ÅØÁüõÁõæ„Å†„Çâ„Åë„Å†„Å®ÊÄù„Å£„Å¶„ÅÑ„Åæ„Åô„ÄÇ,„Éã„É•„ÉºÈÄü(Â´åÂÑ≤)
837668141840887808,837668141840887808,,,I love this man. https://t.co/U4JY8xirZq,"Boston, MA"
837668141316583424,837668141316583424,,,GOP politicians love the weak and non-binding Paris climate agreement. https://t.co/xBxFyH4nZo https://t.co/a9MDrLVkxB,"Boston, MA"
837668139890454529,837668139890454529,,,RT @TheReal_JDavis: These turkeys trying to give this cat its 10th life https://t.co/VBM7t4MZYr,your heart
837668227333357568,837668227333357568,,,@xoChelsie thank you babe!!üòò‚ù§,"Boston, MA"
837668227111079938,837668227111079938,,,lmfaoooo https://t.co/xwibm3OpXL,"Boston, MA"
837668226456776704,837668226456776704,,,Police dogs train in style thanks to this East Bridgewater teen https://t.co/KWoV6MFBY8,"Boston, MA"
837668225932460032,837668225932460032,,,Happy Friday ü§ó,Boston
837668317821218817,837668317821218817,,,"You may think everything is right as rain, but disagreements w... More for Taurus https://t.co/SM6DMaQXVk",Boston
837668317103992832,837668317103992832,,,RT @TheReal_JDavis: These turkeys trying to give this cat its 10th life https://t.co/VBM7t4MZYr,ÂúèÂ§ñ
837668317057933314,837668317057933314,,,@jokerfsm I'm actually mad at you,Boston
837668316537892864,837668316537892864,,,RT @PeteBlackburn: I am very glad I'm not the person who traded this guy https://t.co/uvHQL1xSta,space coast
837668314981806080,837668314981806080,,,‚ùïT Íµ¨Ïó≠Ïù¥ CIAÏóê ÏùòÌï¥ Ïû¨Ï†êÎ†πÎêòÏóàÏäµÎãàÎã§.,"Boston, MA"
837668407159980033,837668407159980033,,,"RT @BostonGlobe: Hundreds chant ""Coward""‚Äô as Paul Ryan visits Rhode Island https://t.co/yeouO9Xno1 https://t.co/TNNDZZd73k",#SneemKerryIreland
837668407067701248,837668407067701248,,,BRICS bank to lend between $2.5-3 billion in 2017: China Daily - https://t.co/otO2L7rHNc,Boston
837668406866259968,837668406866259968,,,"RT @dpakman: Mike Pence used personal email for state business, and got hacked. BUT HER EMAILS!",
837668406795055105,837668406795055105,,,@gwenabe https://t.co/XFc3tcFOy6,"Boston, MA"
837668405377261569,837668405377261569,,,RT @TheReal_JDavis: These turkeys trying to give this cat its 10th life https://t.co/VBM7t4MZYr,
837668493273223168,837668493273223168,,,Starting Cold Case Files from the creators of the Jinx and I NEED it to be so so so good,Boston
837668491754885121,837668491754885121,,,@CoLiVeRiO21 üëçüèªüëçüèªüëçüèª,"Boston, MA"
837668490400124929,837668490400124929,,,RT @iRelateWords: people who preach about being nice &amp; a good human on social media but are some of the meanest and worst people irl https:‚Ä¶,"Starkville, MS"
837668489997471744,837668489997471744,,,"@planetcom2017 Sorry I missed you folks at MWC, but would love to be put on a request list for review devices later in the year!","Boston, MA"
837668489942994945,837668489942994945,,,RT @TheReal_JDavis: These turkeys trying to give this cat its 10th life https://t.co/VBM7t4MZYr,Oldenburg 
837668578983718912,837668578983718912,,,Awww the owner of bijou is so sweet and his baby &amp; dog sooooo cute üòç,"Boston, MA"
837668578082107393,837668578082107393,,,RT @mikd33: @realDonaldTrump this cabinet looks nice https://t.co/FpvFrFUZxO,Berlin
837668577486454784,837668577486454784,,,RT @4free_Ukraine: Did Trump agree to ignore Russian war in Ukraine in exchange for Russian hacked email release to WikiLeaks?  https://t.c‚Ä¶,
837668576240742400,837668576240742400,,,I'll come out swinging like Batman in that hair cape idc üòÇüòÇüòÇüòÇüòÇüòÇüòÇ https://t.co/evB3RB9N6S,"Boston, MA"
837668574651170816,837668574651170816,,,RT @Adamtheactivist: This isn't about meeting  with ambassadors. This is about Jeff Sessions lying under oath he had no communications with‚Ä¶,Everywhere
837668669236916228,837668669236916228,,,"RT @OnlyInBOS: Hi.

My name is Ivan.

I'm a 10 month old kitten.

My legs are deformed but I can still love you.

I'm @MspcaAngell: adoptio‚Ä¶",
837668669115215872,837668669115215872,,,"RT @FTMFlip: Big Friday of footie overs...five plays, 10U. Let's do this!

https://t.co/WHfJBOcU9k https://t.co/Pq7hJ6ECE9",
837668669039775745,837668669039775745,-71.11904,42.37379,Cup #1 @ Harvard Square https://t.co/zpNJ70ghQ0,Somewhere North of Boston
837668668611813378,837668668611813378,,,RT @HarvardHealth: .@drmoniquetello firsthand experience on how to lose weight and how to keep it off.  https://t.co/FbNGjSOBa1 #HarvardHea‚Ä¶,"Los Angeles, CA"
837668667257143297,837668667257143297,,,@PicPublic Awwww.....cute!üôÇ,"Stoneham, MA"
837668756797206529,837668756797206529,,,RT @Slorider1: https://t.co/m4IJh3kWUQ,"Miami,Fl"
837668756096712706,837668756096712706,,,"RT @DraftKings: #FreebieFriday! Enter to win $10 DK Dollars!
1. Be following @DraftKings
2. RT
Ends 3pm EST: https://t.co/o4msFaYLJP https:‚Ä¶",
837668754284761088,837668754284761088,,,Peek inside a Beacon Hill boutique condo that sold for about $9 million this week https://t.co/AFk2IoZA3p https://t.co/ErsCAFvHyG,"Boston, MA"
837668753978576897,837668753978576897,,,@PacArtsMovement @ArlingtonFilmF Congratulations and wish you the best https://t.co/T2u783Vxuu https://t.co/zWrCpeveOT,"Arlington, MA 02476"
837668845141831680,837668845141831680,,,"RT @MirandaMerklein: Here we go, banning books üî•Bill introduced to ban Howard Zinn books from Arkansas public schools https://t.co/hqkPzd2x‚Ä¶",
837668844814618624,837668844814618624,,,.@KimFergusonMA speaking about the Foundation Budget Review Commission #FBRC #MAEdu https://t.co/O71RYxtkuE,"Boston, MA 02109"
837668844592312320,837668844592312320,,,#Holb√¶k #whores pornstar #adultwork #swingers titjob #skypeme #nudelive fetish #kikmeboys #instahappy https://t.co/ioOElWhw0R,Boston
837668844483248132,837668844483248132,,,I declare the Autumn of 2017 in the USA be called #ApplejackAutumn .... https://t.co/cobYTRrcuq,Somewhere near Boston
837668844281933824,837668844281933824,,,RT @TheReal_JDavis: These turkeys trying to give this cat its 10th life https://t.co/VBM7t4MZYr,Paradise
837668932072792065,837668932072792065,,,Your message is not getting heard by your peers today even whe... More for Capricorn https://t.co/94PRiE5COI,Boston
837668930344865793,837668930344865793,,,"RT @OnlyInBOS: Hi.

My name is Ivan.

I'm a 10 month old kitten.

My legs are deformed but I can still love you.

I'm @MspcaAngell: adoptio‚Ä¶",
837668929472462849,837668929472462849,,,About that BIRTHDAY Weekend LYFE (knocking on 44) https://t.co/66mlLGmBov,"Boston, MA"
837668929225035776,837668929225035776,,,"Give them ""what they need, when they need it‚Äù Dean Courtney on unbundling degrees https://t.co/VNywE0zG0a @BizEdMag https://t.co/jfMMPNUbZo","Boston, MA"
837668928671387650,837668928671387650,,,"RT @JP_NDC: We NEED everyone to come out to demand housing stability in Boston on Monday, March 6th at 10am.
https://t.co/nQo2U4WRzH #right‚Ä¶","Roslindale, Boston"
837669020878925824,837669020878925824,,,the circle of trust gets smaller and smaller when you start to feel like a damn pin cushion,"Boston, Massachusetts"
837669019679281152,837669019679281152,,,"RT @4free_Ukraine: ""I wasn't involved in that,"" Trump said. ""Honestly, I was not involved."" Except now advisor JD Gordon says he was. https‚Ä¶","Hailey, ID"
837669018530103296,837669018530103296,,,@RunJohnBoyRun @BRM26pt2 @RunFlyingPig Blue Ridge is a tough one! Are you including lots of hill training?,"Boston, MA"
837669018467119105,837669018467119105,,,RT @TheReal_JDavis: These turkeys trying to give this cat its 10th life https://t.co/VBM7t4MZYr,
837669018249101313,837669018249101313,,,@Paigest123 that is a great pic!,"Boston, Ma."
837669113552076802,837669113552076802,,,"RT @TCleveland4Real: Video of Trump on GOP platform change, which Gordon now admits. https://t.co/iSgnXVZZdT",United States
837669112948142082,837669112948142082,,,"RT @ClintSmithIII: Most of the people helping fugitive slaves weren't well-meaning white abolitionists, but were actually other escaped sla‚Ä¶",Stuck in The Matrix Beta Test
837669109949149184,837669109949149184,,,"La Cuaresma se identifica con el color morado, el cual es el s√≠mbolo de penitencia y arrepentimiento. #Yucuaiqu√≠n https://t.co/R5zUPBNysV",Boston
837669108346945536,837669108346945536,,,@Norsemen83 - they all interacted with Russian officials during the campaign and are being actively investigated by the FBI,"Boston, MA"
837669108040757248,837669108040757248,,,RT @princessmom122: We knew it was something like this. https://t.co/kxIyUgpP3w,
837669197580812288,837669197580812288,,,RT @mikd33: @realDonaldTrump this cabinet looks nice https://t.co/FpvFrFUZxO,
837669196787937280,837669196787937280,,,RT @Earthy_Earth: ‡πÄ‡∏ò‡∏≠‡πÄ‡∏õ‡∏•‡∏µ‡πà‡∏¢‡∏ô‡πÑ‡∏õ‡πÅ‡∏•‡πâ‡∏ß ‡πÑ‡∏°‡πà‡πÉ‡∏ä‡πà‡∏Ñ‡∏ô‡∏ó‡∏µ‡πà‡∏â‡∏±‡∏ô‡∏£‡∏±‡∏Å‡∏≠‡∏µ‡∏Å‡∏ï‡πà‡∏≠‡πÑ‡∏õ ‡πÄ‡∏ò‡∏≠‡πÄ‡∏õ‡∏•‡∏µ‡πà‡∏¢‡∏ô‡πÑ‡∏õ‡πÅ‡∏•‡πâ‡∏ß ‡∏ó‡∏±‡πâ‡∏á‡∏ï‡∏±‡∏ß‡πÅ‡∏•‡∏∞‡∏´‡∏±‡∏ß‡πÉ‡∏à...,line: janeptp
837669194737020928,837669194737020928,,,"RT @DraftKings: #FreebieFriday! Enter to win $10 DK Dollars!
1. Be following @DraftKings
2. RT
Ends 3pm EST: https://t.co/o4msFaYLJP https:‚Ä¶",
837669194653134848,837669194653134848,,,"RT @ryguybrown: Hey @davidortiz, do us all a favor and go teach @michaud_ethan 's class so he can stop tweeting about it #ProfessorPapi htt‚Ä¶","Boston, MA"
837669193738768387,837669193738768387,,,For a limited time only: download this NEA article on repairing Egyptian vessels for free! https://t.co/rVncWrl5Wh‚Ä¶ https://t.co/aDLGOnOQKr,"Boston, MA"
837669288530034688,837669288530034688,,,"RT @Rbrutti: 1st tavern in US was opened 383 years ago today by Samuel Cole in Boston the Three Mariners on Washington St.
https://t.co/dZ4‚Ä¶",Massachusetts USA
837669288253149185,837669288253149185,,,You can hardly wait to get together with friends or family to ... More for Cancer https://t.co/GwrPimUov2,Boston
837669287615660032,837669287615660032,,,"RT @BartonTheFox: Happy #FursuitFriday!

üìç: Nickerson State Park
üì∑: @tylermuse10 https://t.co/o1OGoHAX7Q","Boston, MA"
837669286856519684,837669286856519684,,,RT @TheReal_JDavis: These turkeys trying to give this cat its 10th life https://t.co/VBM7t4MZYr,
837669286827163648,837669286827163648,,,RT @GelesisInc: New data: Administration of Gelesis200 increases fullness &amp; satiety in people who have obesity/overweight #OW2016  https://‚Ä¶,"Hampton Bays, NY"
837669371354972163,837669371354972163,,,RT @MassDHE: Congrats @BridgeStateU College of Education for winning @AACTE 'Best of Global Learning' award! https://t.co/JSlO4w8iCQ https:‚Ä¶,"Bridgewater, MA"
837669370314764288,837669370314764288,,,Happy Friday everyone!,"Boston, MA"
837669368808996864,837669368808996864,,,RT @celtics: üìçLA https://t.co/1arhF9Mcg5,
837669368322539520,837669368322539520,,,"RT @Become_The_Lion: Everyone who is successful today, all started with a dream. https://t.co/gLSz4qkvQQ","New York, NY"
837669368167337984,837669368167337984,,,Watch the Monster Strike anime on YouTube! #MonsterStrike https://t.co/2KKPZo6vo9,boston
837669465579991046,837669465579991046,,,RT @OnlyInBOS: One month from today is @RedSox #OpeningDay. Let that sink in... https://t.co/ca0JPSVpvB,"Grafton, Massachusetts"
837669464833470464,837669464833470464,,,RT @TheReal_JDavis: These turkeys trying to give this cat its 10th life https://t.co/VBM7t4MZYr,
837669463839363072,837669463839363072,,,"RT @ClintSmithIII: Even when they reached the North, most slaves weren't welcomed w/open arms. Majority of northerners didn't support the U‚Ä¶","Oakcliff, TX"
837669463101222913,837669463101222913,,,"@lets_experiment @siegel_justin mmmmmmmmm, I gotta drop by !!","Boston, MA"
837669462589452288,837669462589452288,,,"RT @Wilde_Agency: As humans, we prefer simplicity over complexity. Here are 5 ways to optimize your copy/design for cognitive fluency: http‚Ä¶",
837669553056403458,837669553056403458,,,I want to go hang out with the happy people on Okinawa-you can even drive in the ocean! https://t.co/7gPledK3Qh,"Arlington, MA"
837669551378739200,837669551378739200,,,RT @chrisbrogan: I'm in no way a visionary nor do I ever say that I am. But I'm paying a LOT of attention to voice interfaces for bus‚Ä¶https‚Ä¶,
837669550627950593,837669550627950593,,,"@leighalexander Thanks, Obama.","Somerville, MA, USA"
837669550560800771,837669550560800771,,,"RT @techreview: Meet the Automatons, the ancestors of current robots https://t.co/yGSDwMPKCD (Partner content via @bbvaOpenMind) https://t.‚Ä¶","Brooklyn, NY"
837669550468575236,837669550468575236,,,"RT @BostonGlobe: Hundreds chant ""Coward""‚Äô as Paul Ryan visits Rhode Island https://t.co/yeouO9Xno1 https://t.co/TNNDZZd73k","Boston, Massachusetts"
837669637676494848,837669637676494848,,,RT @TanvirSalim1: Yogi has done nothing for Poorvanchal (Eastern UP). Name two development work. https://t.co/T6z2nV7dAN,"Boston, USA"
837669636447547392,837669636447547392,,,RT @TheReal_JDavis: These turkeys trying to give this cat its 10th life https://t.co/VBM7t4MZYr,
837669635122065413,837669635122065413,,,RT @TheReal_JDavis: These turkeys trying to give this cat its 10th life https://t.co/VBM7t4MZYr,ÂøåËë¨Á§æ
837669633482186754,837669633482186754,,,Flashback: Chuck Schumer Meets with Putin in New York City - https://t.co/iPDdhWQkP5,Boston
837669633268273152,837669633268273152,,,Taking home Gold at the Stevie Awards - well done Seismic Software https://t.co/yMZQcsMfSd,"Boston, MA"
837669724494397440,837669724494397440,,,RT @TheReal_JDavis: These turkeys trying to give this cat its 10th life https://t.co/VBM7t4MZYr,SC
837669723647184897,837669723647184897,,,RT @Acronis: NEWS! #PHP has become the first #programming language to add the Libsodium library to its core! Via @BleepinComputer https://t‚Ä¶,USA
837669723617837056,837669723617837056,,,RT @JulieRi39597096: @JonesTeena @mayanderson64 @beckaa_r22 @a1_reid Thanks friend! I will do ok I hope! üíïüëçüåπüíñ,"Hades Hotel, Room 369"
837669722820792320,837669722820792320,,,RT @TheReal_JDavis: These turkeys trying to give this cat its 10th life https://t.co/VBM7t4MZYr,Êó•Êú¨
837669719222140929,837669719222140929,,,RT @Wellesley_News: Clinton said one of her favorite moments in the election was when Trump accused her of preparing for the debate,
837669809420709888,837669809420709888,,,RT @techreview: New Facebook tools allow viewers to report Facebook Live broadcasts that seem to be veering toward suicide attempts. https:‚Ä¶,"Brooklyn, NY"
837669809286328321,837669809286328321,,,RT @TheReal_JDavis: These turkeys trying to give this cat its 10th life https://t.co/VBM7t4MZYr,.              moon‚ñΩ
837669807289958400,837669807289958400,,,RT @ValaAfshar: Your culture is your brand.,Pune
837669806476251136,837669806476251136,,,Good luck this weekend @FRC3958 Hard work pays off. #omgrobots https://t.co/gPMStUPoDi,"Boston, MA"
837669806350417924,837669806350417924,,,Interesting take: How Trump is changing sportswriting https://t.co/ioeWnBFgXG #journalism #media @benmullin,"Boston, Massachusetts"
837669907202375680,837669907202375680,,,RT @TheReal_JDavis: These turkeys trying to give this cat its 10th life https://t.co/VBM7t4MZYr,Êù±‰∫¨ Á•ûÂ•àÂ∑ù
837669906795663360,837669906795663360,,,"But I hear sounds in my mind
Brand new sounds in my mind","Salem, MA"
837669904807510016,837669904807510016,,,Sameeee https://t.co/OzIrEnyUGs,
837669903394033664,837669903394033664,,,"RT @NECN: Hundreds chanted ""coward"" at Paul Ryan during a visit to Rhode Island. https://t.co/Tq796pFfq8","Massachusetts, USA"
837670004006907904,837670004006907904,,,"#Breaking_News 69 Cock Lane is yours for ¬£449,950, but is it Britain's naughtiest address? https://t.co/GPtgjtetP7‚Ä¶ https://t.co/Ph93xgFzHq","Boston,USA"
837670003872776193,837670003872776193,,,https://t.co/RDEai0IT3S,"Boston, MA"
837670003423891457,837670003423891457,,,Found 3 new unfollowers via https://t.co/xAAyl5p4Gw,"Boston, MA"
837670001666486273,837670001666486273,,,RT @TheReal_JDavis: These turkeys trying to give this cat its 10th life https://t.co/VBM7t4MZYr,sw|mcu|multifandom
837670088333381632,837670088333381632,,,RT @WrldHealthcare: Collaborate with health care stakeholders to align adherence efforts for maximized health outcomes https://t.co/G2scmHY‚Ä¶,USA
837670087611969540,837670087611969540,,,@Melissa_Reaver Why do I feel like you'd rather have my partner? ü§î,"Boston, MA"
837670087406465024,837670087406465024,-71.0588801,42.3600825,"We're #hiring! Read about our latest #job opening here: Credit Risk Analytics - https://t.co/nTylcse69n #Actuarial #Boston, MA #CareerArc","Boston, MA"
837670085703663616,837670085703663616,,,RT @mikd33: @realDonaldTrump https://t.co/R0V1WgdMhP,"Brooklyn, NY"
837670085082787840,837670085082787840,,,RT @TheReal_JDavis: These turkeys trying to give this cat its 10th life https://t.co/VBM7t4MZYr,"NE Portland, OR, USA"
837670175126269954,837670175126269954,,,#MSPs are choosing #CAUIM to support innovative and differentiated business models. What will your reason be?‚Ä¶ https://t.co/ewgzlOwaVS,Boston
837670174559989760,837670174559989760,,,RT @Bennett_Alper: Separated at birth? https://t.co/Gxqh4T6l7Q,
837670174090219520,837670174090219520,,,RT @TheReal_JDavis: These turkeys trying to give this cat its 10th life https://t.co/VBM7t4MZYr,ECSU 17'
837670173922504704,837670173922504704,,,"RT @Architizer: This is the world's most loved architecture, according to Instagram https://t.co/8sScONbRz0 https://t.co/cX3mpUA9BD",Greater Boston
837670170416013313,837670170416013313,,,@Gibbs0o0 APOLLO 11 me huskih azi,"Boston, MA"
837670260081889281,837670260081889281,,,RT @TheReal_JDavis: These turkeys trying to give this cat its 10th life https://t.co/VBM7t4MZYr,Stuttgart 
837670257854656512,837670257854656512,,,Two weeks after the President's visit... https://t.co/fWnUmnNXHP,Boston
837670257531711488,837670257531711488,,,"RT @CambridgeMAFire: 2 of 2: There was a large turnout of firefighters, friends, &amp; family for #CambMA Chief Engineer Reardon's last tour of‚Ä¶",Saugus
837670256999018496,837670256999018496,,,@SharonCarlaine @mike_pence @realDonaldTrump - #hypocrisy,"Boston, MA"
837670256491515904,837670256491515904,,,What to do if your Nintendo Switch suddenly won't turn on https://t.co/mMuXzsp7Se https://t.co/n03V4Tziqk,"Boston, MA"
837670351719043073,837670351719043073,,,RT @DothTheDoth: Circleüëèüèºmyüëèüèºdeadüëèüèºassüëèüèºlikeüëèüèºaüëèüèºhoardüëèüèºofüëèüèºturkeysüëèüèº,"Dover, DE"
837670351555424256,837670351555424256,,,RT @TheReal_JDavis: These turkeys trying to give this cat its 10th life https://t.co/VBM7t4MZYr,United States
837670351400275968,837670351400275968,,,RT @BuyersMeetPoint: The 'New' #SupplyChain #Sustainability - leveraging global advantages without actually 'taking advantage' https://t.co‚Ä¶,
837670350733328384,837670350733328384,,,I can't decide whether I think the content or the writing is worse. https://t.co/rTkow4N1Hy,"Boston, MA."
837670349655400448,837670349655400448,,,RT @TheReal_JDavis: These turkeys trying to give this cat its 10th life https://t.co/VBM7t4MZYr,
837670437643517953,837670437643517953,,,RT @_hurtsa: Wait for it https://t.co/RugqFj9aaN,
837670437546938368,837670437546938368,,,@XavierLaroux Nah it ain't worth the time or effort,"Boston, MA"
837670437190569984,837670437190569984,,,RT @slumdog2013: Kiss me fuck me cover me with your jizz https://t.co/wtrGIf8N2C,"Itagua√≠, Brasil"
837670435911315456,837670435911315456,,,"Checking out ""Claire McCaskill Claims She Never Met Russia‚Äôs Ambassador, But H"" on Tea Party Command Center: https://t.co/znswpP8q5i","Boston, MA"
837670435881889796,837670435881889796,,,"Judge: The purpose of ""the view"" (visiting locations) is to help (jury) better understand evidence presented during the trial #wbz","Boston, MA"
837670521521209348,837670521521209348,,,@nnicole117 murica,Boston 
837670521521192962,837670521521192962,,,"@ktkjohnston asks Prof Kim Eddleston about ""cupcake"" stigma for women entrepreneurs at https://t.co/wRIR81YgFs https://t.co/MQR6hEn77P","Boston, MA"
837670521483427840,837670521483427840,,,RT @PeteBlackburn: I am very glad I'm not the person who traded this guy https://t.co/uvHQL1xSta,http://dubbszworld.tumblr.com/
837670519939850240,837670519939850240,,,@RiseNightmare @fswprincess You're both night ladies? Hookers? How much!?,"Boston, MA"
837670518530637824,837670518530637824,,,"RT @HarvardBiz: Depending on what drives discrimination, the approaches to combating discrimination can be drastically different. https://t‚Ä¶","Dallas, Texas"
837670608234143745,837670608234143745,-71.064841,42.455468,"This #job might be a great fit for you: Barista (US) - https://t.co/dmWv2Llhjx #Hospitality 521 Main St, #Melrose, MA #Veterans #Hiring","Boston, MA"
837670607454093313,837670607454093313,,,@ToneDeRone @BoatBum67 @BostonGlobe Right like your mentor hard at work building g buildings and stiffing contracto‚Ä¶ https://t.co/vaXpfOBl8l,"Woburn, MA"
837670607315685376,837670607315685376,,,"RT @BetterAfter50: @freetree64 @babson Appreciate the shout out, Kevin!","St Ann, MO"
837670606225162242,837670606225162242,,,RT @RasheedTheGreat: Wow lmfaooo worldstar https://t.co/JKFa1o5gD5,"Massachusetts, USA"
837670605919043584,837670605919043584,,,Let the stupid times roll. Euro lawmakers press EU to impose visas on U.S. citizens https://t.co/Ixf8tW1znI via @Reuters,Metro Boston
837670692447371264,837670692447371264,,,RT @TheReal_JDavis: These turkeys trying to give this cat its 10th life https://t.co/VBM7t4MZYr,ÊÑõÁü•Áúå„ÄÄÂÆ∂Â∫∑„ÅÆÁî£„Åæ„Çå„Åü„Å®„Åì
837670691554148353,837670691554148353,,,RT @TheReal_JDavis: These turkeys trying to give this cat its 10th life https://t.co/VBM7t4MZYr,
837670691126280192,837670691126280192,,,@miggety_mac @YessiexBAYBEE oh you hush dummy,"Boston, MA"
837670690811695104,837670690811695104,,,goodmorning https://t.co/i2jKWn1Hf1,boston
837670690706833408,837670690706833408,,,"RT @OnlyInBOS: 16 years ago today, Chelsea's Johnny Ruiz defeated Evander Holyfield to become 1st Latino WBA heavyweight champion. https://‚Ä¶",Admirals Hill
837670777482772481,837670777482772481,,,RT @MEDITECH: MEDITECH is proud to attend the kickoff of SHINE - Share Health Integration Network - today! @Southlake_News @Stevenson_News‚Ä¶,"Newmarket, Ontario"
837670776723673089,837670776723673089,,,"ICYMI Park trees removed due to tree health/disease factors, or pose harm to other trees in the collection‚Ä¶ https://t.co/NrqZ70Si2J","Boston, MA"
837670776039931905,837670776039931905,,,@Suzumemamaru „Åù„Çì„Å™‰ºùË™¨ÊÆã„Åó„Åü„Åè„Å™„ÅÑ„Çà„ÅÖ‚Ä¶,Harvard Medical School
837670775603650560,837670775603650560,,,"RT @MaxAbrahms: CNN is now reporting the maligned Yemen raid actually yielded intel that's ""vital and being acted upon.""","Kentucky, USA"
837670775574310912,837670775574310912,,,RT @ego_biggest: @BroBrogan_ @KVMthetruth @Real_AlHaymon crazy if add every purse received by a UFC fighter it doesn't = 1/2 of the $365 mi‚Ä¶,"Fremantle, Australia"
837670863537389568,837670863537389568,,,Check out this story by @tayylorpatrick about ways to make Prom a great night for everyone! https://t.co/s3PZFotAHG,"Bel Air, MD"
837670863130492929,837670863130492929,,,"Lucas Flex BOGO! Choose #sterling, #rose or #18K #gold. For all you loyal #Fitbit #Flex owners. This one's for you.‚Ä¶ https://t.co/vSqyOBqL5R","Cambridge, MA"
837670862950137856,837670862950137856,,,RT @TheReal_JDavis: These turkeys trying to give this cat its 10th life https://t.co/VBM7t4MZYr,"Alaska, USA"
837670861746409474,837670861746409474,,,@BooksMel I know!  So cool. Saw that the other day. They're not even playing in the She Believes Cup either. üëçüíúüí™‚öΩüíÉüèº,Boston
837670861356285952,837670861356285952,,,"RT @DraftKings: #FreebieFriday! Enter to win $10 DK Dollars!
1. Be following @DraftKings
2. RT
Ends 3pm EST: https://t.co/o4msFaYLJP https:‚Ä¶","Charleston, WV"
837670950577504256,837670950577504256,,,@pcsez https://t.co/iJCbIqZBwK,Boston Ma
837670950384635906,837670950384635906,,,Especially when my minis are in it too.,"Boston, MA"
837670949851901953,837670949851901953,,,RT @RachelSlade1: Mass Ave bike lane blockage 9 :25 am @BOS311 @BostonBTD @bostonbikeunion https://t.co/v74hbFavQp,Boston
837670949830987776,837670949830987776,,,"RT @AbraarKaran: Never confuse what drives your ambition w/ what fills your heart w/ magic. One day, all that will be left: the ones you #l‚Ä¶",
837670949147258880,837670949147258880,,,"RT @Sachems_Hockey: GAME DAY! State tournament round 2, quarter finals for the Sachems tonight against Lynnfield in Woburn. Let's go tonigh‚Ä¶",
837671035084361728,837671035084361728,,,Otro d√≠a mas en esta mierdaa,Fenway Park
837671031510810624,837671031510810624,,,"@pbump @neeratanden it kinda seems like they were mostly excuses to put crowds chanting ""Lock her up!"" on television because ratings","Somerville, MA"
837671031275995141,837671031275995141,,,"RT @heidilegg: Quote of the morning: ""More Russian ties with more Russian lies."" @RepSwalwell. Reporting what stands out today.",Laurelind√≥renan
837671031196237824,837671031196237824,,,RT @ChristopherNFox: And I hope @IvankaTrump &amp; Rex Tillerson @StateDept are seeing this too! 900 businesses &amp; investors back US staying in‚Ä¶,Bucketheadland
837671031145967617,837671031145967617,,,RT @TheReal_JDavis: These turkeys trying to give this cat its 10th life https://t.co/VBM7t4MZYr,"Orlando, FL"
837671118773182464,837671118773182464,,,"RT @DraftKings: #FreebieFriday! Enter to win $10 DK Dollars!
1. Be following @DraftKings
2. RT
Ends 3pm EST: https://t.co/o4msFaYLJP https:‚Ä¶","Eagan, MN"
837671117099794432,837671117099794432,,,"RT @DraftKings: #FreebieFriday! Enter to win $10 DK Dollars!
1. Be following @DraftKings
2. RT
Ends 3pm EST: https://t.co/o4msFaYLJP https:‚Ä¶",United Kingdom
837671116181233664,837671116181233664,,,@FernandoRover1 You're not alone Fernando! Um beijo!,"Boston, MA"
837671116042821632,837671116042821632,,,RT @TheReal_JDavis: These turkeys trying to give this cat its 10th life https://t.co/VBM7t4MZYr,Canada
837671206593658881,837671206593658881,,,RT @JAMN945: Oprah Winfrey's Bestie Weighs in ON HER Potential Presidency! https://t.co/Ivn5VWVPCX,Boston ma
837671206392328192,837671206392328192,,,"RT @AnnaMeiler: Jury will view nightclub, Toyota 4Runner, intersection where shooting took place, etc. #WBZ",Boston
837671205322784769,837671205322784769,,,RT @BillHumphreyMA: Massachusetts towns shouldn't have secret orders instructing police to go out of their way to help ICE &amp; circumvent loc‚Ä¶,"Arlington, MA"
837671204852944896,837671204852944896,,,"#NowPlaying Checkin For Me (clean) - Bobby Valentino | 
Only on https://t.co/3C5amzFW7k Download on the Google Play and App Store today!","Boston, MA"
837671290727251969,837671290727251969,,,The love/hate morning following a tough training session.,"Boston, Ma"
837671290639122435,837671290639122435,,,"RT @AnnaMeiler: Jury will view nightclub, Toyota 4Runner, intersection where shooting took place, etc. #WBZ",Boston
837671289414373376,837671289414373376,,,"RT @FhTechBridge: Brighten our day and help make #solar affordable! Win awards by @DSM, @FhTechBridge &amp; @GreentownLabs¬†#SunRISE2 https://t.‚Ä¶",
837671288193826816,837671288193826816,,,"Listen to Stand Down by GMB #np on #SoundCloud
https://t.co/xgUOUUcYJg New Wave","Cambridge, MA"
837671287963193344,837671287963193344,,,Most people tweet rap lyrics but nope not me,"Newton, MA"
837671376702046208,837671376702046208,,,RT @johnvanreenen: Entrenched mayors make poor procurement decisions https://t.co/d6EvhY7Od7 @CEP_LSE Coviello on Italian evidence,London
837671375271788545,837671375271788545,,,Has W mellowed &amp; grown brighter or has the bar suddenly lowered bigly? https://t.co/bRi9erF1WK,
837671374927769601,837671374927769601,,,RT @raruplus: „Åô„Å£„Åî„ÅÑÊÉπ„Åã„Çå„Çã„Éë„É≥Ë≤∑„Å£„Åü https://t.co/HS2tdXBGJ3,Â§ßÈò™Â∫úÂÖ≠ËªíÂ≥∂Â∏ÇÈªÑÈáëÈÉ∑Âå∫
837671374172868608,837671374172868608,,,A guy who had to bribe his way into college.  Fantastic. https://t.co/4FuhZHabhc,"Newton, MA"
837671373040414722,837671373040414722,,,"I really wish @krisstraub and @_AlexHirsch would team up. 

#Gravity Hollow #Broodfalls","iPhone: 42.379295,-71.094360"
837671464111386624,837671464111386624,,,".@ava s 13th is showing tonight at @MIT ! Don't miss it, info= https://t.co/rJdVeHXZ5i https://t.co/ebExCO5fNk","Boston, MA"
837671463968731136,837671463968731136,,,"RT @andrewbartolini: Today on CPO Rising, I present the CPO Scorecard: Our Performance Measurement Recommendation https://t.co/sNWReeH1oG","Boston, MA"
837671462353911809,837671462353911809,,,"""We talk about slavery as if it were a bump in the road. It was the road."" @tanehisicoates @RadInstitute #UniSlavery","Boston, MA"
837671461800157184,837671461800157184,,,#MLB Wire: Texas Rangers 2017 season preview: Good health in rotation key for playoff hopes https://t.co/QaNVqvqvex https://t.co/fguDlCphyy,"Boston , MA"
837671461716389888,837671461716389888,,,#Hiphop has its waves and the waves crash against the beach and the new waves come in. So to stay relevant you have to roll with that.,"Boston, MA"
837671546479120385,837671546479120385,,,"RT @ClintSmithIII: Most of the people helping fugitive slaves weren't well-meaning white abolitionists, but were actually other escaped sla‚Ä¶","Georgia, USA"
837671545522769921,837671545522769921,,,"RT @Bet_Labs: Biggest moneyline upsets in NCAAB yesterday
Campbell +700
Iowa +606
Sac St +393
Montana +159
Rice +133
Charlotte +111 https:/‚Ä¶",Iowa
837671545174704129,837671545174704129,,,RT @HEYtweetNina: Screaming. https://t.co/yHrGPqtENY,
837671543907958785,837671543907958785,,,"RT @_KevinSosa_: Princesa, mamichula, reina hermosa, babygirl, nena bella, mamacita sabrosa, etc",
837671543706648576,837671543706648576,,,@squirreloncrack Omg they did that?! Lolol,"Cambridge, MA"
837671633380868097,837671633380868097,,,RT @ClintSmithIII: It was incredibly difficult for slaves from the Deep South to escape to freedom because it was simply too far. Most came‚Ä¶,"Georgia, USA"
837671632516808704,837671632516808704,,,Did you know? #Hendra virus has a case fatality rate of 57%. #FactFriday https://t.co/n3cPup0DHa,"Boston, MA"
837671631002693632,837671631002693632,,,@shunchi_033 Hi SHUNCHI! How are you? :),"Boston, MA"
837671630180614144,837671630180614144,,,@kakasworld @DocHa99 he thought I was moving to LA for a dude!,"Boston, MA"
837671626359492608,837671626359492608,,,RT @TheReal_JDavis: These turkeys trying to give this cat its 10th life https://t.co/VBM7t4MZYr,Winterfell
837671716826595328,837671716826595328,,,Twilio Focuses on Enterprises https://t.co/gCOfwYBpzC,"Boston, MA"
837671716096782338,837671716096782338,,,RT @mikd33: @realDonaldTrump https://t.co/R0V1WgdMhP,
837671715341762561,837671715341762561,,,Significantly many #AclInjuries occur in athletes landing flat on their heels.,"Boston, MA"
837671713290784768,837671713290784768,,,"ARMARIUM, INC. of NY just raised $2,000,000. Sign-up for free or login for more info. https://t.co/ueHxYXuk5J.","Boston, MA"
837671808463691777,837671808463691777,,,"RT @DraftKings: #FreebieFriday! Enter to win $10 DK Dollars!
1. Be following @DraftKings
2. RT
Ends 3pm EST: https://t.co/o4msFaYLJP https:‚Ä¶",
837671808396578816,837671808396578816,,,@3ateeji just email me your resume at david.amoyal77@gmail.com,"Boston, MA"
837671808362950658,837671808362950658,,,"Try as you might to sort out the mysteries of your heart, it c... More for Virgo https://t.co/SunHhDcHM8","Lynn, MA"
837671806953652227,837671806953652227,,,RT @TheReal_JDavis: These turkeys trying to give this cat its 10th life https://t.co/VBM7t4MZYr,California
837671806878289921,837671806878289921,,,@tumayku_ wn es demasiado chistoso porque el viejito ven√≠a con ellos y se pusieron a grabar para hacer una inscripc‚Ä¶ https://t.co/D6Rq3xtsfd,"Salem, MA"
837671896179228676,837671896179228676,,,Startup workers see sexual harassment on 'breathtaking' scale in Silicon Valley https://t.co/4x6AjfWqBL,"Boston, MA"
837671895927410689,837671895927410689,,,RT @TheReal_JDavis: These turkeys trying to give this cat its 10th life https://t.co/VBM7t4MZYr,
837671895805779968,837671895805779968,,,For National Day of Unplugging I set up a self guided exercise. You need to stare into someone's‚Ä¶ https://t.co/rdjd422VOv,"Boston, Ma"
837671891783598080,837671891783598080,,,"RT @heidilegg: Quote of the morning: ""More Russian ties with more Russian lies."" @RepSwalwell. Reporting what stands out today.",timbuktu
837671891397660675,837671891397660675,,,RT @princessmom122: We knew it was something like this. https://t.co/kxIyUgpP3w,Philly
837671984712548356,837671984712548356,,,RT @wreckinPsahal: Today at the subway station I saw this guy with a saxophone and when he saw my face he started  to play the #Somali anth‚Ä¶,"Columbus, OH"
837671983676444672,837671983676444672,,,Your message is not getting heard by your peers today even whe... More for Capricorn https://t.co/PQfiA4dT4c,weymouth M.A
837671983223537665,837671983223537665,,,Worried about your testing career? Become a more technical tester: https://t.co/yWhKuEQHlm https://t.co/8EWutSXtmf,"Newton, MA"
837671982636367873,837671982636367873,,,RT @WHI_Harvard: A global perspective on what it means to be a feminist: https://t.co/0PeDvSJc5W #FeminismInMyCountry https://t.co/2X6jQcw6‚Ä¶,"Montreal, QC, Canada"
837671982472826881,837671982472826881,,,"RT @kirbyrachel: ""Do not limit the study of enslavement to enslavement."" @tanehisicoates @RadInstitute #UniSlavery",boston + somerville
837672073224925184,837672073224925184,,,RT @HarvardAlumni: .@violadavis will be awarded Harvard Foundation‚Äôs arts medal on 3/4 during the 32nd annual Cultural Rhythms Festival htt‚Ä¶,Shantel of New York 
837672072075751424,837672072075751424,,,RT @DorothyGreco: #MakingMarriageBeautiful https://t.co/vV9kEVmOOA,"Hickory, NC"
837672070297358337,837672070297358337,,,RT @getbytten: In Her Own Words: MARTA WAYDEL [Women In Tech Series] https://t.co/5bBPyeVBaJ via @FashNerd #innovation #sustainability #wom‚Ä¶,"Sydney, New South Wales"
837672069362036737,837672069362036737,,,@The_eNitiaters @SMWLagos Impressive!,Miami / Boston
837672067797561348,837672067797561348,,,RT @YoAdoroLaRopa: Que para que te quieran a ratos es mejor que no te quieran.,
837672161569464326,837672161569464326,,,RT @mikd33: @realDonaldTrump this one? https://t.co/J3EehiL8oL,
837672161447931904,837672161447931904,,,Friday Java     03 March 2017 on BostonRed will air 03/03. https://t.co/9wI9VXcvjo #BlogTalkRadio,Boston
837672161426845698,837672161426845698,-71.1956205,42.5047161,"Want to work at Sunrise Senior Living? We're #hiring in #Burlington, MA! Click for details: https://t.co/fIvt22DEyp‚Ä¶ https://t.co/K06GthcFfb",
837672160185495554,837672160185495554,,,"Our paper on the Scythians (by Martina Unterl√§nder, Friso Palstra et al.) is out. https://t.co/fPomkBLArS https://t.co/klSA3HPr4q","Boston, MA"
837672159162028034,837672159162028034,,,RT @HarvardBiz: Get a new hire up to speed more quickly by going beyond the basics and explaining how things actually get done. https://t.c‚Ä¶,"Allen, Tx."
837672244293873668,837672244293873668,,,Baez: take note of how long it takes to walk across main bar area #AaronHernandez,Boston
837672243706609665,837672243706609665,,,"Sea ice at both poles hits record low as record high temp for Antarctica, 64 F, confirmed. https://t.co/AhaKZTilUi","Cambridge, MA"
837672241970229250,837672241970229250,,,RT @NAMIMass: Remind our #veterans that they are not alone &amp; encourage them to seek medical attention if they are struggling. https://t.co/‚Ä¶,"Boston, MA"
837672241827545089,837672241827545089,,,RT @mikd33: @realDonaldTrump why would Jared have any business meeting with Russian ambassadors along with Flynn?,
837672241714298880,837672241714298880,,,RT @WCVB: Too few teachers: District cancels classes due to national women's strike https://t.co/xyS2acM5yH https://t.co/Kc4SOWCIv7,"LaGrange, GA"
837672331363377152,837672331363377152,,,@ehellweg Interesting. The report was wrong?,"Boston, MA"
837672331069771777,837672331069771777,,,@richardroeper @POTUS come on he flies to Florida every week and does not have time for daily briefings.  Plenty of time to read,"Boston, MA"
837672330126053377,837672330126053377,,,RT @TheReal_JDavis: These turkeys trying to give this cat its 10th life https://t.co/VBM7t4MZYr,
837672329207508992,837672329207508992,,,SLAY MY LIFE I NEED TO BE U https://t.co/pncZeetqfR,"Medford, MA"
837672415840829441,837672415840829441,,,".@tanehisicoates: ""racism in this country is seen as a misunderstanding. Bad manners or something, you should've been nicer"" #unislavery","Cambridge, MA"
837672415052320768,837672415052320768,,,RT @TheReal_JDavis: These turkeys trying to give this cat its 10th life https://t.co/VBM7t4MZYr,"Duque de Caxias, Brasil"
837672414859390976,837672414859390976,,,clapback of all clapbacks https://t.co/QlkUBvhtio,"Boston, MA"
837672414414790657,837672414414790657,,,I have tears üòÇüòÇüòÇüòÇ https://t.co/yTMFD0GrrG,"Boston, MA"
837672412829335553,837672412829335553,,,RT @PeteBlackburn: Riding the dasher for a zone entry is my new favorite move https://t.co/tT1uJX8mVM,"Armada, MI "
837672500238635008,837672500238635008,,,"RT @DraftKings: #FreebieFriday! Enter to win $10 DK Dollars!
1. Be following @DraftKings
2. RT
Ends 3pm EST: https://t.co/o4msFaYLJP https:‚Ä¶",
837672500079263745,837672500079263745,,,@LucilleBurdge Albert is such a playa,"Winthrop, MA"
837672499349438464,837672499349438464,,,Congrats @KariPearce_ crushing 17.2! Made it look easy... turns out it was not so easy when I did itüò©,"Cambridge, MA"
837672498699235329,837672498699235329,,,7 Amazing porches that will make you want to change yours https://t.co/0EeHCwmrNy,"Boston, MA"
837672496933572610,837672496933572610,,,"I don‚Äôt know the @augustpublic team, but I‚Äôm pulling hard for them. Agility as an awesome combination of purpose and vulnerability.","Boston, Massachusetts, USA"
837672584925884416,837672584925884416,,,"RT @IAmJamesStewart: Everyone wish the Director of Communications @BillyLanni a Happy Birthday today! 

üéâüéâüéâüéâüéâüéâüéâüéâ",
837672583956955136,837672583956955136,,,"RT @TheFreedomTrail: #TDIH 1743- Peter Faneuil, wealthy merchant &amp; slave trader who gifted #FaneuilHall died. He is interred in the Granary‚Ä¶","Liverpool, Europe"
837672582442860544,837672582442860544,,,@naufraga sounds like my kind of party,"Boston, MA"
837672582048591873,837672582048591873,,,RT @zesty_patriots: NFL Rumors: Patriots Fullback James Develin Expected To Re-Sign With New England https://t.co/Z68t9pb5Qh https://t.co/5‚Ä¶,
837672580890816512,837672580890816512,,,RT @udaqueness: https://t.co/CiiYkYPldD Ï£ºÏù∏Í≥º Ìï®Íªò ÏïÑÏùºÎûúÎìú Ï†ÑÌÜµÏ∂§ÏùÑ Ï∂îÎäî Ïò§Ïä§Ìä∏Î†àÏùºÎ¶¨Ïïà ÏÖ∞ÌçºÎìú ÎèÖ Secret https://t.co/7SmdaWeyoG,02 Ìï¥Ìè¨ÏãúÎ¶¨Ïª§ Ï†Ä ÌÉúÍ∑∏ÌïòÍ∏∞ Î∞ëÏóêÎäî Ïª§ÎÆ§Î™©Î°ù
837672673727610880,837672673727610880,,,RT @BostonGlobe: Jared Kushner and Michael Flynn met with Russian ambassador just as the Obama White House was preparing sanctions https://‚Ä¶,"Montreal, Quebec"
837672673564053505,837672673564053505,,,".@tanehisicoates ""I don't know how you conduct research that shows that you're very existence is rooted in a great crime."" #unislavery","Somerville, MA "
837672673564049409,837672673564049409,,,.@DSNewsDaily announces #PremiumTitle and @LendingQB integration: https://t.co/sZ1loSBqYU,"Boston, MA"
837672672813252608,837672672813252608,,,RT @MA_DDC: You are invited to attend the MDDC/@TheArcofMass March 27 Legis Reception. Register &amp; find info here: https://t.co/c2l1oQQK10 #‚Ä¶,Needham
837672672238661633,837672672238661633,,,RT @MASCSchoolComm: .@KimFergusonMA speaking about the Foundation Budget Review Commission #FBRC #MAEdu https://t.co/O71RYxtkuE,"Massachusetts, USA"
837672759253676038,837672759253676038,,,https://t.co/wel8r6fHnN,"Hull, MA"
837672757030612993,837672757030612993,,,„ÅäÊ∞ó„Å´ÂÖ•„Çä„ÅÆ„Çø„É≥„Ç∞„É´„ÉÜ„Ç£„Éº„Ç∂„Éº„Å°„ÇÉ„Çì„Åü„Å°‚ù§„Ç≠„ÉÜ„Ç£„Å°„ÇÉ„Çì„ÅÆÊñπ„ÅØ„ÄÅ„Ç´„Éê„Éº„Åå„Å§„ÅÑ„Å¶„Å¶„ÄÅÊåÅ„Å°ÈÅã„Å≥„ÇÇÂá∫Êù•„Çã„Åã„Çâ‰æøÂà©ÔºÅ‚ú®„ÅÇ„ÄÅAspire„ÅÆK4„ÇíË≤∑„Å£„Å°„ÇÉ„ÅÑ„Åæ„Åó„Åü|œâÔΩ•)Ÿà ÃëÃë‡ºâ„Çπ„ÉÜ„Ç£„ÉÉ„ÇØ„Çø„Ç§„Éó„ÅåÊ¨≤„Åó„Åè„Å¶‚Ä¶( ‚åØ·∑Ñ‡Ø∞‚åØ·∑Ö )Êó©„Åè„ÄÅ„Ç≥„É≥„Éì„ÉãÊ±∫Ê∏à‚Ä¶ https://t.co/yOqjGBvjr4,world's end.
837672756556738560,837672756556738560,,,RT @ReachScale: How #feminists took on the mainstream #media and won https://t.co/1XKxwG3cua v @qz #women #digitalage #journalism cc @DMans‚Ä¶,Stockholm 
837672755889909764,837672755889909764,,,My company gave out free tote bags for employee appreciation day and I had it for 45 seconds before breaking one of the buttons,"Somerville, MA"
837672754824396801,837672754824396801,-71.136821,42.45203,"If you're looking for work in 542 Main St, #Winchester, MA, check out this #job: https://t.co/OSB7ZUKSnc #Hospitality #Veterans #Hiring","Boston, MA"
837672844100321282,837672844100321282,,,#NowPlaying Se Te Nota [LII] - J Alvarez Feat Wisin solo por https://t.co/iuA5Dtlnem,Boston Ma
837672844016386048,837672844016386048,,,I just checked in at Micio with #mPLUSPlaces Download today!  https://t.co/xHU8kqdV4R,Boston
837672843605381120,837672843605381120,,,@jmcmahon443 also have a deadline today for some raspberry pi work,"Boston, MA"
837672841797586945,837672841797586945,,,"RT @kendallkirbs: At minimum, shouldn't we hold our AG to the same ethical standards as Lil' Kim? #ResignSessions",Internationally Known
837672840740626432,837672840740626432,,,RT @Angelab0424: #FF my amazing friends @AuStar3d @liliantjen @NickysFriend @pdxdragonfly @WendyHogarth @AngelHeart5609 @Na0sGlass @LAveryB‚Ä¶,Torino
837672930351927296,837672930351927296,,,RT @glen_in_ma: @arappeport @Mama_Liberal - does anyone at IRS know what a whistleblower is? What a hero is??,
837672929949270016,837672929949270016,,,Smells like Watergate in the air #Russia,"Boston, MA"
837672928623853568,837672928623853568,,,"RT @DraftKings: #FreebieFriday! Enter to win $10 DK Dollars!
1. Be following @DraftKings
2. RT
Ends 3pm EST: https://t.co/o4msFaYLJP https:‚Ä¶",
837672927562629120,837672927562629120,,,A companion's impatience may rub off on you even if your inten... More for Libra https://t.co/yYySAgmMtk,Boston MA
837672927260626946,837672927260626946,,,‡§∏‡§°‡§º‡§ï‡•ã ‡§™‡§∞ ‡§™‡•ç‡§∞‡§¶‡§∞‡•ç‡§∂‡§® ‡§ï‡§∞‡§®‡•á ‡§µ‡§æ‡§≤‡•Ä ‡§è‡§ï ‡§™‡•ç‡§∞‡§ú‡§æ‡§§‡§ø ‡§™‡§ø‡§õ‡§≤‡•á 3 ‡§∏‡§æ‡§≤‡•ã‡§Ç ‡§∏‡•á ‡§µ‡§ø‡§≤‡•Å‡§™‡•ç‡§§ ‡§π‡•á ‡§Ü‡§™‡§ï‡•ã ‡§Ø‡•á ‡§ï‡§π‡•Ä ‡§≠‡•Ä ‡§¶‡§ø‡§ñ‡§æ‡§à ‡§¶‡•á ‡§á‡§®‡•ç‡§π‡•á‡§Ç ‡§Ø‡§æ‡§¶ ‡§¶‡§ø‡§≤‡§æ ‡§¶‡•á ‡§ï‡•Ä ‡§ó‡•à‡§∏ ‡§∏‡§ø‡§≤‡•á‡§£‡•ç‡§°‡§∞ 750 ‡§ï‡•á ‡§™‡§æ‡§∞,"Boston, MA"
837673013973778432,837673013973778432,,,"RT @TCleveland4Real: .@Acosta If I'm not mistaken, it took 7 months for anyone from Trump campaign to admit they weakened platform on Ukr h‚Ä¶","Durham, NC"
837673013344534529,837673013344534529,,,RT @ClintSmithIII: These numbers are fascinating. I wonder though how much changing views translate into people enacting a different set of‚Ä¶,"San Francisco, California"
837673012895834112,837673012895834112,,,RT @UsVsThemBlog: @chrislhayes Chris why was the Russian Ambassador even AT the RNC?,
837673012069425152,837673012069425152,,,"RT @TanvirSalim1: ‡§ó‡•ã‡§∞‡§ñ‡§™‡•Å‡§∞ ‡§ï‡§æ ‡§µ‡§ø‡§ï‡§æ‡§∏ ‡§®‡§π‡•Ä ‡§π‡•Å‡§Ü ‡§∂‡•ç‡§∞‡•Ä‡§ï‡§æ‡§®‡•ç‡§§ ‡§∂‡§∞‡•ç‡§Æ‡§æ ‡§¨‡•Ä‡§ú‡•á‡§™‡•Ä ‡§™‡•ç‡§∞‡§µ‡§ï‡•ç‡§§‡§æ‡•§
‡§∏‡§π‡•Ä ‡§π‡•à ‡§∂‡§æ‡§Ø‡§¶ ‡§∂‡§∞‡•ç‡§Æ‡§æ ‡§ú‡•Ä ‡§ï‡•ã ‡§®‡§π‡•Ä ‡§Æ‡§æ‡§≤‡•Ç‡§Æ ‡§™‡§æ‡§Å‡§ö ‡§¨‡§æ‡§∞ ‡§∏‡§æ‡§Ç‡§∏‡§¶ ‡§§‡•Ä‡§® ‡§¨‡§æ‡§∞ ‡§µ‡§ø‡§ß‡§æ‡§Ø‡§ï‚Ä¶",India
837673011855638530,837673011855638530,,,RT @iwearaonesie: Got kicked out of Starbucks for not wearing a North Face vest again,"Houston, TX"
837673100930088961,837673100930088961,,,Wow it's cold af,"Massachusetts, USA"
837673100657446912,837673100657446912,,,"Instructions for Windows: 
install 50 programs
Download 9 patched DLLs
Click 10000 menus, done, accept, next

Linux: Type these two commands","Cambridge, MA"
837673099474653185,837673099474653185,,,RT @BostonGlobe: Jeff Sessions insisted he thought his meetings with Kislyak were not worthy of mention https://t.co/pQSeNaAfxR https://t.c‚Ä¶,
837673098551885824,837673098551885824,,,RT @BostonGlobe: Jared Kushner and Michael Flynn met with Russian ambassador just as the Obama White House was preparing sanctions https://‚Ä¶,
837673097398480896,837673097398480896,,,Join me for this event: Innovation Project¬Æ 2017 #InnovationProject2017 https://t.co/LdXP3Yy69V,"Boston, MA"
837673185847861249,837673185847861249,,,RT @TheReal_JDavis: These turkeys trying to give this cat its 10th life https://t.co/VBM7t4MZYr,
837673185663414272,837673185663414272,,,oh jfc,"Boston, MA"
837673185638289412,837673185638289412,,,How you except me to b ok with this corny fxking movements you doing nikka no,"Boston, MA"
837673185239789568,837673185239789568,,,RT @isaiah_fontaine: #ChelseaMA‚ÄºÔ∏è https://t.co/gSt4yDhg1D,Cape Verdean
837673185063616512,837673185063616512,,,DavidRoads: Promote what you love instead of bashing what you hate.,"Boston, MA"
837673270954586114,837673270954586114,,,@Nate_Allbomb Fake mayo is the only trash.,Boston 
837673270656786433,837673270656786433,,,RT @iRelateWords: people who preach about being nice &amp; a good human on social media but are some of the meanest and worst people irl https:‚Ä¶,
837673270463741952,837673270463741952,,,@JimmyRushmore don't talk about my dad like that. So rude.,"Cambridge, MA "
837673270061182976,837673270061182976,,,@nytimes The Onion is more credible than #fakenews grand central NYT.,"Boston, USA "
837673269453066240,837673269453066240,,,"RT @ChisteSorpresas: No puedes cambiar el pasado, pero con la actitud correcta, podr√°s recuperar en el futuro m√°s de lo que perdiste en el‚Ä¶",
837673350260477953,837673350260477953,,,"RT @C_GraceT: .@tanehisicoates ""I don't know how you conduct research that shows that you're very existence is rooted in a great crime and‚Ä¶","Boston, MA"
837673350260387841,837673350260387841,,,RT @TheReal_JDavis: These turkeys trying to give this cat its 10th life https://t.co/VBM7t4MZYr,
837673349182545923,837673349182545923,,,RT @_hurtsa: Wait for it https://t.co/RugqFj9aaN,
837673348788277249,837673348788277249,,,Law &amp; Disorder - Judge Accused Of Sneaking Illegal Past ICE - Illegal Immigration - Fox &amp;... https://t.co/8oeD2Xu8yt,Saugus Ma
837673347928502274,837673347928502274,,,"@clickyclicky Of course I still like to think of music festival people as cool, but history says otherwise.","Boston, MA"
837673441197109248,837673441197109248,,,I dont know anyone who fits this. https://t.co/EZEhGBlLDc,"Boston, MA USA"
837673439045517312,837673439045517312,,,"Boston, Massachusetts downtown urban architecture with boat and city skyline. https://t.co/u0NgsFawDA","Boston, MA"
837673438781272064,837673438781272064,,,@KittyLevesque i bought a new ABH glow kit and it arrived on Wednesday. This was me all week ü§£,"Boston, MA"
837673438521212928,837673438521212928,,,RT @Wellesley: #Wellesley‚Äôs Campus Community Gathers to Hear @HillaryClinton ‚Äô69 in Conversation with President @DrPaulaJohnson https://t.c‚Ä¶,Boston area
837673533060833280,837673533060833280,,,my best friends duh üòõüòè https://t.co/NfnnUbH6l7,"Boston, MA"
837673532922290176,837673532922290176,,,RT @TheReal_JDavis: These turkeys trying to give this cat its 10th life https://t.co/VBM7t4MZYr,
837673532792451073,837673532792451073,,,RT @TheReal_JDavis: These turkeys trying to give this cat its 10th life https://t.co/VBM7t4MZYr,"Cork, Ireland."
837673530678472705,837673530678472705,,,@KingMaduro üíÄüíÄüíÄ,"Boston, MA"
837673529655046144,837673529655046144,,,"'A neighbour recently said to me, ‚ÄúThere is nothing we can do.‚Äù I think that is a very dangerous frame of mind.' https://t.co/oMfm3x0Myq","Stoneham, MA"
837673623842394112,837673623842394112,,,"RT @SloanSportsConf: ""Data is an equalizer"" - @caseywasserman on how analytics influence decision making #SSAC17 #SportsTitans","Boston, MA"
837673623691341824,837673623691341824,,,"@SusieO Good Morning and Thank you! Happy Friday, lets jump into the weekend the right way. Enjoy your day!  #TGIF‚Ä¶ https://t.co/eV40BNmuIR",Boston 
837673623372632064,837673623372632064,,,"RT @YoAdoroLaRopa: Del pasado no se vive, se aprende.",
837673621078306817,837673621078306817,,,RT @TheReal_JDavis: These turkeys trying to give this cat its 10th life https://t.co/VBM7t4MZYr,
837673619262156800,837673619262156800,,,@wael20260 there are very few at this time,"Boston, MA"
837673711146774528,837673711146774528,,,"Never gave the house phone number to anyone, don't even know the number and that mf ring several times every day.","Boston, MA"
837673710861561856,837673710861561856,,,RT @BostonVC: &gt;&gt; Matching Demand Generation with Sales Capacity - Make sure your salespeople have enough leads | https://t.co/pXF93aNXsu,"Green Bay, WI"
837673710605725696,837673710605725696,,,RT @TheReal_JDavis: These turkeys trying to give this cat its 10th life https://t.co/VBM7t4MZYr,Indianapolis ‚úàÔ∏è Kansas City
837673710010105856,837673710010105856,,,Tell the president I found the source of the leaks #garden #jardin https://t.co/vgQ53B2NFT,Boston
837673709527785472,837673709527785472,,,RT @TheReal_JDavis: These turkeys trying to give this cat its 10th life https://t.co/VBM7t4MZYr,NJ‚úàÔ∏èGA
837673804533022725,837673804533022725,,,It's a chilly Friday today! Today's BINGO number is O-73. Have a great weekend everyone and stay warm!,"Salem, MA"
837673804495216640,837673804495216640,,,"RT @YoAdoroLaRopa: ""No me arrepiento de nada, pero tengo claro las cosas que no volver√≠a a hacer.""",
837673803924779009,837673803924779009,,,@laurenekelly I just spit out my coffee.,"Boston, MA"
837673802293260293,837673802293260293,,,RT @nwsltrMe: .@MSNBC prez cracks joke with @JoeConchaTV https://t.co/ruHi00dNOJ + more in @ReliableSources https://t.co/60KA1ojAbh,
837673801961787400,837673801961787400,,,"RT @mikd33: Profile reads ""kind"" &amp; ""loving"" https://t.co/QDUonqnJH1","Port Blair, India"
837673887651479554,837673887651479554,,,"Amazon's ""Go"" is a go according to @loushipley. Job of the product https://t.co/mZDYIcNeMk #grocery #payments #dayinthelife","Cambridge, MA"
837673886334451713,837673886334451713,,,RT @TheReal_JDavis: These turkeys trying to give this cat its 10th life https://t.co/VBM7t4MZYr,aries
837673886175084545,837673886175084545,,,RT @princessmom122: We knew it was something like this. https://t.co/kxIyUgpP3w,Iowa
837673885537603585,837673885537603585,,,RT @TheReal_JDavis: These turkeys trying to give this cat its 10th life https://t.co/VBM7t4MZYr,
837673884535095298,837673884535095298,,,"RT @OnlyInBOS: At halftime of the Celtics game on Wednesday, Richard Jefferson snatched @Lu_Cash617's Lebron Is A Douche tee as he headed d‚Ä¶",Roxbury
837673983491391488,837673983491391488,,,RT @TheReal_JDavis: These turkeys trying to give this cat its 10th life https://t.co/VBM7t4MZYr,Space Texas
837673982178504706,837673982178504706,,,@MarkinCHS TRAITOR!,"Boston, Massachusetts"
837673981385850880,837673981385850880,,,Wayland Fire showing support for Devin and his family #whynotdevin https://t.co/8finqaP5yG,"Wayland, MA"
837673981238984704,837673981238984704,,,"RT @4free_Ukraine: ""I wasn't involved in that,"" Trump said. ""Honestly, I was not involved."" Except now advisor JD Gordon says he was. https‚Ä¶",
837673981184512000,837673981184512000,,,RT @TheReal_JDavis: These turkeys trying to give this cat its 10th life https://t.co/VBM7t4MZYr,
837674067457110016,837674067457110016,,,RT @HausOfDylann: Million Reasons has now gotten a 1M+ Audience update on US Radio for over a week in a row now! Lets hope it keeps up the‚Ä¶,
837674067201249280,837674067201249280,,,@Braveheart_USA @WhoopiGoldberg  How hateful and ugly!  The Democrats of today filled with hate. The party that started the KKK. SAD,"Salem, MA"
837674067016679425,837674067016679425,,,RT @ScHoolBoy_Brew: Only tweeting this so I never lose it on the TL again lmao https://t.co/S2EqPqL4NM,
837674066819473408,837674066819473408,,,RT @dcancel: People model behaviors not values.,
837674066328735745,837674066328735745,,,RT @TheReal_JDavis: These turkeys trying to give this cat its 10th life https://t.co/VBM7t4MZYr,
837674151733231616,837674151733231616,,,RT @4free_Ukraine: Did Trump agree to ignore Russian war in Ukraine in exchange for Russian hacked email release to WikiLeaks?  https://t.c‚Ä¶,
837674151317917696,837674151317917696,,,"This #job might be a great fit for you: Cashier - https://t.co/2Kli5JyHMq #Cashier #Cafe #Charlestown, MA #Hiring https://t.co/mli2D1zqjO","Boston, MA"
837674151016017920,837674151016017920,,,"Now that I'm somehow getting a Switch, I'm even more excited for Kingdom Two Crowns.","Nastychusetts, USA"
837674150344937472,837674150344937472,,,RT @MCPHSAlumni: March is #WomensHistoryMonth! Join us as we celebrate our #MCPHSAlumni and #WomeninSTEM all month long!,"Boston, MA"
837674147790598144,837674147790598144,,,Is Jae Crowder underrated? https://t.co/tMlk1qHCly,"Boston, MA"
837674240182796289,837674240182796289,,,"Again, not saying it can't be funny, and not saying painting your face black in general is racist. This is a specific thing folks","Boston, MA"
837674239993991168,837674239993991168,,,RT @_KevinSosa_: What in the name of God..delete your account https://t.co/hjOZmsChtr,
837674239922679808,837674239922679808,,,"RT @C_GraceT: .@tanehisicoates ""I don't know how you conduct research that shows that you're very existence is rooted in a great crime and‚Ä¶",Boston
837674239192793089,837674239192793089,,,@NX0rabl3Wandr3r @tradstirlitz @SerbianRevenge Wistfulness has its place.  He probably didn't mean it as a serious policy prescription.,"Boston, MA"
837674238660128768,837674238660128768,,,"RT @DraftKings: #FreebieFriday! Enter to win $10 DK Dollars!
1. Be following @DraftKings
2. RT
Ends 3pm EST: https://t.co/o4msFaYLJP https:‚Ä¶",
837674334021890048,837674334021890048,,,RT @BostonomiX: 5 key findings from the Massachusetts Innovation Economy Index https://t.co/Br0OF0ZVo9,"Cambridge, MA"
837674333371772931,837674333371772931,,,Well would you look at that :) @realDonaldTrump https://t.co/QFL9y6UXFr,East Coast
837674332075790336,837674332075790336,,,"RT @WBUR: Islamic Society wins permit for Muslim cemetery in Dudley after protracted, bitter clash: https://t.co/xrHeAgaPpa","Boston, MA"
837674331194916864,837674331194916864,,,Bot $GS $TSLA Mar10/17 OTM calls.,"Boston, MA"
837674330855198720,837674330855198720,,,RT @the_moviebob: ...that needs to change above almost all else: We need laws and legal agents committed to a superior vision of a 21st cen‚Ä¶,Waiting for an Overground
837674420583940096,837674420583940096,,,Cru Highschool Natick MA sending 22 students to #FastBreak 2017 this weekend! God moves! Pray for our next generation of spiritual leader's,"Natick, MA"
837674418914672640,837674418914672640,,,"Hayy, best #free #chating and #dating  - https://t.co/8Zoe2DeNZW https://t.co/86ajtU388v",Boston
837674417727614976,837674417727614976,,,RT @udaqueness: https://t.co/CiiYkYPldD Ï£ºÏù∏Í≥º Ìï®Íªò ÏïÑÏùºÎûúÎìú Ï†ÑÌÜµÏ∂§ÏùÑ Ï∂îÎäî Ïò§Ïä§Ìä∏Î†àÏùºÎ¶¨Ïïà ÏÖ∞ÌçºÎìú ÎèÖ Secret https://t.co/7SmdaWeyoG,
837674416188317697,837674416188317697,,,@AliciaTenise happy birthday ü•Çü•Çü•Ç,"Boston, MA"
837674416137887748,837674416137887748,,,RT @TheReal_JDavis: These turkeys trying to give this cat its 10th life https://t.co/VBM7t4MZYr,„ÉØ„Éº„É´„Éâ„Éò„É™„ÉÜ„Éº„Ç∏„ÄÅ„Å°„Çì„Åã„Åè„Åò
837674507947151360,837674507947151360,-71.1051818,42.3089857,Opened Pothole report via web at 3373 Washington St Jamaica Plain https://t.co/TivMM59lp2. Pot hole since last year.,"Boston, MA"
837674507825524737,837674507825524737,,,@VincentPugliese check out JRebel- tool that allows java devs to make any code change w/o having to build &amp; restart their application server,"Boston, MA"
837674507729006592,837674507729006592,,,"RT @JuliaGrantham2: A single sunbeam is enough to drive away many shadows
St. Francis of Assisi https://t.co/d9ZD6YYgoz","Islamabad, Pakistan"
837674507380928516,837674507380928516,,,@KingMaduro a ree- all geem young boi,"Boston, MA"
837674506730766337,837674506730766337,,,""" I just wanna stay broke forever. ""
Yeah, that's that shit no one ever said. 
--@G_Eazy",Boston
837674593313660930,837674593313660930,,,RT @AnnaTaughtYou: I'm a sad bean,"California, USA"
837674593099862020,837674593099862020,,,@RHCPtv5 üôÅ,Newton
837674593015889921,837674593015889921,,,RT @TheReal_JDavis: These turkeys trying to give this cat its 10th life https://t.co/VBM7t4MZYr,Â∞è‰∫¨ÈÉΩ
837674592311382018,837674592311382018,,,@aman61bc @svagdis @jakehsnider @FoxNews @TGowdySC He stated w/o qualification that he did not communicate w/ Russians.,boston ma
837674592227495940,837674592227495940,,,"when you discover hubs used up ALLLLL the butter, so you make a fried egg over easy just to use the yolk on your dry ass toast üòë",boston
837674680320421888,837674680320421888,,,@TMZ I musta missed the Game of Thrones part,Boston
837674680223948800,837674680223948800,,,Congrats @100scopenotes! 2018 isn't that far away. I'm already putting THE VERY LAST CASTLE illus @MarkPett on my TBR list. @abramskids,"Boston, MA"
837674679099875328,837674679099875328,,,people who laugh so hard at their own jokes that they can‚Äôt even finish the joke bc they‚Äôre laughing so hard are my favorite kind of people,Boston
837674677296324608,837674677296324608,,,BBC News - Artificial 'embryos' created in the lab https://t.co/ZYYyZKqVlN,"Boston, MA"
837674677166354432,837674677166354432,,,It is among the evils of slavery that it taints the very sources of moral principle. 3/03/1820 John Quincy Adams on‚Ä¶ https://t.co/RBCaGG7sVO,"Boston, MA"
837674763954724864,837674763954724864,,,"We're #hiring! Read about our latest #job opening here: Team Member- (Cashier; Cook; Shift Leader) - https://t.co/weXvPztCJ7 #Beverly, MA","Dedham, MA"
837674763132645376,837674763132645376,,,RT @TheReal_JDavis: These turkeys trying to give this cat its 10th life https://t.co/VBM7t4MZYr,"Á¶èÂ≥∂ÁúåÈÉ°Â±±Â∏Ç
"
837674761039855617,837674761039855617,,,RT @slumdog2013: Who could keep their mouth off @DariusFerdynand ? https://t.co/GVYuaHN2x3,"Houston, TX"
837674760876265475,837674760876265475,,,"RT @lukeoneil47: Meanwhile, in Boston https://t.co/42nIWFPrPt","Boston, MA"
837674758418350081,837674758418350081,,,"RT @C_GraceT: .@tanehisicoates ""Black people know at some emotional level that we were robbed. And we've been the victims of generational r‚Ä¶","Cambridge, MA"
837674849111797760,837674849111797760,,,"@VirginAtlantic That'd be great, thanks!","London, UK"
837674847903838208,837674847903838208,,,Good luck @teambaa! #teambaa https://t.co/LdMpQ7mLna,"Boston, MA"
837674847903809538,837674847903809538,,,#MyBrothersKeeper is removing barriers to success for young men of color like Boston's Malachi @MBKBoston https://t.co/Ghc4dLfOdW @msmithDC,"Boston, MA"
837674845672361984,837674845672361984,,,RT @TheReal_JDavis: These turkeys trying to give this cat its 10th life https://t.co/VBM7t4MZYr,Êó•Êú¨ ÂüºÁéâÁúå
837674939868135424,837674939868135424,,,"RT @DrPaulaJohnson: Thank you, alumna @HillaryClinton '69 for your visit campus last night. You forever changed how the world sees powerful‚Ä¶",~Austin TX~
837674939457077250,837674939457077250,,,"RT @OnlyInBOS: Hi.

My name is Ivan.

I'm a 10 month old kitten.

My legs are deformed but I can still love you.

I'm @MspcaAngell: adoptio‚Ä¶","Massachusetts, USA"
837674938928594945,837674938928594945,,,But seriously it's been TOO long since I've jammed to Paula Abdul and this playlist is giving me life.,"Boston, MA"
837674937330499584,837674937330499584,,,RT @TheReal_JDavis: These turkeys trying to give this cat its 10th life https://t.co/VBM7t4MZYr,Singapore
837674937120849920,837674937120849920,,,OKX issues Area Forecast Discussion (AFD) https://t.co/sT9kGPQgP1,"Marblehead, MA"
837675022172979201,837675022172979201,,,"4x4 135lb bench press

4x2 300lb (75%) deadlift with pause below and above knee

4x2 155lb bench‚Ä¶ https://t.co/NPaRBP4hZB","Boston, MA"
837675019035688960,837675019035688960,,,"RT @Theycallmenesss: Some guy just came up to my car window and said "" damn you are so beautiful just like the picture"" HAHAHAHA UH WHAT PI‚Ä¶",
837675017915797507,837675017915797507,,,Check it out . I applied to host a 7UP¬Æ Mix It Up House Party! #7UPMixItUpParty #Sponsored: https://t.co/8bwbrYiXC0,boston ma 
837675017659875329,837675017659875329,,,@StupidSteve1186 no but I love his nonfiction so I'm hoping to soon. Is it good?,DC/Boston
837675016749711360,837675016749711360,,,"Multiculture is superior to monoculture.

Thought is superior to belief.

Worldliness is superior to provincialism.","Boston, MA"
837675118851686401,837675118851686401,,,RT @mikd33: @realDonaldTrump they're still weeding out the ones that colluded with Russia from the ones already confirmed,
837675118205808640,837675118205808640,,,RT @4free_Ukraine: Did Trump agree to ignore Russian war in Ukraine in exchange for Russian hacked email release to WikiLeaks?  https://t.c‚Ä¶,
837675117891076098,837675117891076098,,,"RT @DraftKings: #FreebieFriday! Enter to win $10 DK Dollars!
1. Be following @DraftKings
2. RT
Ends 3pm EST: https://t.co/o4msFaYLJP https:‚Ä¶","Ak Rowdy, O-H-I -O"
837675117459099648,837675117459099648,,,RT @BostonGlobe: The entire Mass. congressional delegation has called for Jeff Sessions to resign. https://t.co/Ujl5PXsW0M https://t.co/kwp‚Ä¶,Somewhere
837675116859392000,837675116859392000,,,The best antidote to the rising level of left-wing zealotry?  Buy more guns.,"Boston, MA"
837675204558139399,837675204558139399,,,RT @phenomenal_moms: Don't miss this transformative experience! learn how to advocate for your childs education. Get support from... https:‚Ä¶,"Boston, MA"
837675204293840896,837675204293840896,,,"RT @ClintSmithIII: Most of the people helping fugitive slaves weren't well-meaning white abolitionists, but were actually other escaped sla‚Ä¶",
837675203199131648,837675203199131648,,,"#bigkidgoodsprinter
#runsinthefamily
#10inchhands
#myfirstdraftpick
#becauseinowownannflteam
#draftdaydreams https://t.co/oGugT4HFIu","BOSTON, MA"
837675201882128385,837675201882128385,,,Leverage the power of #DesignThinking to navigate complex challenges. Register for Leadership &amp; Design Thinking:‚Ä¶ https://t.co/Q5KVusGz8i,"Cambridge, MA"
837675201336868864,837675201336868864,,,Are you considering what's next in your #career? @lindsaymarielit of #GreaterNow has a FAB event for you!‚Ä¶ https://t.co/Q467kjftlo,"Boston, MA"
