,tweet_id,lat,lon,content,location,user,raw_source,data_point,time
836948705966186496,836948705966186496,,,"Energy boom, rail hopes, Trump order stoke Pa. steel revival https://t.co/XlF1w03dNI via @PhillyBusiness",Harrisburg PA,3001459376,"{'created_at': 'Wed Mar 01 14:38:15 +0000 2017', 'id': 836948705966186496, 'id_str': '836948705966186496', 'text': 'Energy boom, rail hopes, Trump order stoke Pa. steel revival https://t.co/XlF1w03dNI via @PhillyBusiness', 'truncated': False, 'entities': {'hashtags': [], 'symbols': [], 'user_mentions': [{'screen_name': 'phillybusiness', 'name': 'Philly.com Business', 'id': 113130836, 'id_str': '113130836', 'indices': [89, 104]}], 'urls': [{'url': 'https://t.co/XlF1w03dNI', 'expanded_url': 'http://www.philly.com/philly/blogs/inq-phillydeals/Pennsylvania-steel-revival-James-Barends-Dura-Bond-Lukens-Alan-Wood-Claymont.html', 'display_url': 'philly.com/philly/blogs/iâ€¦', 'indices': [61, 84]}]}, 'metadata': {'iso_language_code': 'en', 'result_type': 'recent'}, 'source': '<a href=""http://twitter.com"" rel=""nofollow"">Twitter Web Client</a>', 'in_reply_to_status_id': None, 'in_reply_to_status_id_str': None, 'in_reply_to_user_id': None, 'in_reply_to_user_id_str': None, 'in_reply_to_screen_name': None, 'user': {'id': 3001459376, 'id_str': '3001459376', 'name': 'Kevin Sunday', 'screen_name': 'KevinSunday86', 'location': 'Harrisburg PA', 'description': 'Energy/enviro/transportation policy geek and lobbyist. Runner, reader, believer. RT does not = endorsement.', 'url': 'https://t.co/CIXw4sU2jr', 'entities': {'url': {'urls': [{'url': 'https://t.co/CIXw4sU2jr', 'expanded_url': 'http://frontierdispatch.com', 'display_url': 'frontierdispatch.com', 'indices': [0, 23]}]}, 'description': {'urls': []}}, 'protected': False, 'followers_count': 610, 'friends_count': 799, 'listed_count': 33, 'created_at': 'Thu Jan 29 14:39:41 +0000 2015', 'favourites_count': 1546, 'utc_offset': None, 'time_zone': None, 'geo_enabled': False, 'verified': False, 'statuses_count': 152, 'lang': 'en', 'contributors_enabled': False, 'is_translator': False, 'is_translation_enabled': False, 'profile_background_color': '000000', 'profile_background_image_url': 'http://abs.twimg.com/images/themes/theme1/bg.png', 'profile_background_image_url_https': 'https://abs.twimg.com/images/themes/theme1/bg.png', 'profile_background_tile': False, 'profile_image_url': 'http://pbs.twimg.com/profile_images/652508387121344512/CfhquOF4_normal.jpg', 'profile_image_url_https': 'https://pbs.twimg.com/profile_images/652508387121344512/CfhquOF4_normal.jpg', 'profile_banner_url': 'https://pbs.twimg.com/profile_banners/3001459376/1476706437', 'profile_link_color': '1B95E0', 'profile_sidebar_border_color': '000000', 'profile_sidebar_fill_color': '000000', 'profile_text_color': '000000', 'profile_use_background_image': False, 'has_extended_profile': False, 'default_profile': False, 'default_profile_image': False, 'following': None, 'follow_request_sent': None, 'notifications': None, 'translator_type': 'none'}, 'geo': None, 'coordinates': None, 'place': None, 'contributors': None, 'is_quote_status': False, 'retweet_count': 0, 'favorite_count': 0, 'favorited': False, 'retweeted': False, 'possibly_sensitive': False, 'lang': 'en'}",none,Wed Mar 01 14:38:15 +0000 2017
836929061263929345,836929061263929345,,,It takes way too much time &amp; energy to block &amp; delete people. You tryna prevent what exactly? They still talking &amp; sending screenshots ðŸ™ˆðŸ™Š,"Harrisburg, PA",742166459628068864,"{'created_at': 'Wed Mar 01 13:20:12 +0000 2017', 'id': 836929061263929345, 'id_str': '836929061263929345', 'text': 'It takes way too much time &amp; energy to block &amp; delete people. You tryna prevent what exactly? They still talking &amp; sending screenshots ðŸ™ˆðŸ™Š', 'truncated': False, 'entities': {'hashtags': [], 'symbols': [], 'user_mentions': [], 'urls': []}, 'metadata': {'iso_language_code': 'en', 'result_type': 'recent'}, 'source': '<a href=""http://twitter.com/download/iphone"" rel=""nofollow"">Twitter for iPhone</a>', 'in_reply_to_status_id': None, 'in_reply_to_status_id_str': None, 'in_reply_to_user_id': None, 'in_reply_to_user_id_str': None, 'in_reply_to_screen_name': None, 'user': {'id': 742166459628068864, 'id_str': '742166459628068864', 'name': 'Tili', 'screen_name': 'MsFinly', 'location': 'Harrisburg, PA', 'description': ""I'm best at being me."", 'url': 'https://t.co/15lFHdLJbZ', 'entities': {'url': {'urls': [{'url': 'https://t.co/15lFHdLJbZ', 'expanded_url': 'https://allaboutherbeauty.mayvenn.com/', 'display_url': 'allaboutherbeauty.mayvenn.com', 'indices': [0, 23]}]}, 'description': {'urls': []}}, 'protected': False, 'followers_count': 95, 'friends_count': 189, 'listed_count': 2, 'created_at': 'Mon Jun 13 01:27:27 +0000 2016', 'favourites_count': 1758, 'utc_offset': None, 'time_zone': None, 'geo_enabled': True, 'verified': False, 'statuses_count': 3296, 'lang': 'en', 'contributors_enabled': False, 'is_translator': False, 'is_translation_enabled': False, 'profile_background_color': 'F5F8FA', 'profile_background_image_url': None, 'profile_background_image_url_https': None, 'profile_background_tile': False, 'profile_image_url': 'http://pbs.twimg.com/profile_images/834519671411990530/6ybqqnTI_normal.jpg', 'profile_image_url_https': 'https://pbs.twimg.com/profile_images/834519671411990530/6ybqqnTI_normal.jpg', 'profile_banner_url': 'https://pbs.twimg.com/profile_banners/742166459628068864/1485698488', 'profile_link_color': '1DA1F2', 'profile_sidebar_border_color': 'C0DEED', 'profile_sidebar_fill_color': 'DDEEF6', 'profile_text_color': '333333', 'profile_use_background_image': True, 'has_extended_profile': True, 'default_profile': True, 'default_profile_image': False, 'following': None, 'follow_request_sent': None, 'notifications': None, 'translator_type': 'none'}, 'geo': None, 'coordinates': None, 'place': {'id': 'a9d7384c4baa4511', 'url': 'https://api.twitter.com/1.1/geo/id/a9d7384c4baa4511.json', 'place_type': 'city', 'name': 'Colonial Park', 'full_name': 'Colonial Park, PA', 'country_code': 'US', 'country': 'United States', 'contained_within': [], 'bounding_box': {'type': 'Polygon', 'coordinates': [[[-76.83673, 40.281853], [-76.774376, 40.281853], [-76.774376, 40.32253], [-76.83673, 40.32253]]]}, 'attributes': {}}, 'contributors': None, 'is_quote_status': False, 'retweet_count': 0, 'favorite_count': 1, 'favorited': False, 'retweeted': False, 'lang': 'en'}",none,Wed Mar 01 13:20:12 +0000 2017
836924912539480065,836924912539480065,,,"RT @EtownChaplain: #etownleffler  great crowd, lots of energy and hunger for more conversation. https://t.co/us4AjVfjrF","Elizabethtown, PA",45481676,"{'created_at': 'Wed Mar 01 13:03:43 +0000 2017', 'id': 836924912539480065, 'id_str': '836924912539480065', 'text': 'RT @EtownChaplain: #etownleffler  great crowd, lots of energy and hunger for more conversation. https://t.co/us4AjVfjrF', 'truncated': False, 'entities': {'hashtags': [{'text': 'etownleffler', 'indices': [19, 32]}], 'symbols': [], 'user_mentions': [{'screen_name': 'EtownChaplain', 'name': 'Etown Chaplain', 'id': 1428814700, 'id_str': '1428814700', 'indices': [3, 17]}], 'urls': [], 'media': [{'id': 836773648350470144, 'id_str': '836773648350470144', 'indices': [96, 119], 'media_url': 'http://pbs.twimg.com/media/C5zRMyNWYAAlMHq.jpg', 'media_url_https': 'https://pbs.twimg.com/media/C5zRMyNWYAAlMHq.jpg', 'url': 'https://t.co/us4AjVfjrF', 'display_url': 'pic.twitter.com/us4AjVfjrF', 'expanded_url': 'https://twitter.com/EtownChaplain/status/836773696589164544/photo/1', 'type': 'photo', 'sizes': {'large': {'w': 1536, 'h': 2048, 'resize': 'fit'}, 'medium': {'w': 900, 'h': 1200, 'resize': 'fit'}, 'small': {'w': 510, 'h': 680, 'resize': 'fit'}, 'thumb': {'w': 150, 'h': 150, 'resize': 'crop'}}, 'source_status_id': 836773696589164544, 'source_status_id_str': '836773696589164544', 'source_user_id': 1428814700, 'source_user_id_str': '1428814700'}]}, 'extended_entities': {'media': [{'id': 836773648350470144, 'id_str': '836773648350470144', 'indices': [96, 119], 'media_url': 'http://pbs.twimg.com/media/C5zRMyNWYAAlMHq.jpg', 'media_url_https': 'https://pbs.twimg.com/media/C5zRMyNWYAAlMHq.jpg', 'url': 'https://t.co/us4AjVfjrF', 'display_url': 'pic.twitter.com/us4AjVfjrF', 'expanded_url': 'https://twitter.com/EtownChaplain/status/836773696589164544/photo/1', 'type': 'photo', 'sizes': {'large': {'w': 1536, 'h': 2048, 'resize': 'fit'}, 'medium': {'w': 900, 'h': 1200, 'resize': 'fit'}, 'small': {'w': 510, 'h': 680, 'resize': 'fit'}, 'thumb': {'w': 150, 'h': 150, 'resize': 'crop'}}, 'source_status_id': 836773696589164544, 'source_status_id_str': '836773696589164544', 'source_user_id': 1428814700, 'source_user_id_str': '1428814700'}]}, 'metadata': {'iso_language_code': 'en', 'result_type': 'recent'}, 'source': '<a href=""http://twitter.com/download/iphone"" rel=""nofollow"">Twitter for iPhone</a>', 'in_reply_to_status_id': None, 'in_reply_to_status_id_str': None, 'in_reply_to_user_id': None, 'in_reply_to_user_id_str': None, 'in_reply_to_screen_name': None, 'user': {'id': 45481676, 'id_str': '45481676', 'name': 'Richard Newton', 'screen_name': 'seedpods', 'location': 'Elizabethtown, PA', 'description': 'Assistant Professor of Religious Studies at Elizabethtown College. Germinating Conversations about Religion, Culture, and Teaching (On Leave)', 'url': 'http://t.co/opHhAt74xY', 'entities': {'url': {'urls': [{'url': 'http://t.co/opHhAt74xY', 'expanded_url': 'http://sowingtheseed.org', 'display_url': 'sowingtheseed.org', 'indices': [0, 22]}]}, 'description': {'urls': []}}, 'protected': False, 'followers_count': 911, 'friends_count': 938, 'listed_count': 35, 'created_at': 'Mon Jun 08 02:32:27 +0000 2009', 'favourites_count': 2021, 'utc_offset': -21600, 'time_zone': 'Central Time (US & Canada)', 'geo_enabled': False, 'verified': False, 'statuses_count': 3414, 'lang': 'en', 'contributors_enabled': False, 'is_translator': False, 'is_translation_enabled': False, 'profile_background_color': '1A1B1F', 'profile_background_image_url': 'http://abs.twimg.com/images/themes/theme9/bg.gif', 'profile_background_image_url_https': 'https://abs.twimg.com/images/themes/theme9/bg.gif', 'profile_background_tile': False, 'profile_image_url': 'http://pbs.twimg.com/profile_images/497804764453695488/yRHONeSa_normal.jpeg', 'profile_image_url_https': 'https://pbs.twimg.com/profile_images/497804764453695488/yRHONeSa_normal.jpeg', 'profile_banner_url': 'https://pbs.twimg.com/profile_banners/45481676/1444043938', 'profile_link_color': '3B94D9', 'profile_sidebar_border_color': '000000', 'profile_sidebar_fill_color': '000000', 'profile_text_color': '000000', 'profile_use_background_image': True, 'has_extended_profile': False, 'default_profile': False, 'default_profile_image': False, 'following': None, 'follow_request_sent': None, 'notifications': None, 'translator_type': 'none'}, 'geo': None, 'coordinates': None, 'place': None, 'contributors': None, 'retweeted_status': {'created_at': 'Wed Mar 01 03:02:50 +0000 2017', 'id': 836773696589164544, 'id_str': '836773696589164544', 'text': '#etownleffler  great crowd, lots of energy and hunger for more conversation. https://t.co/us4AjVfjrF', 'truncated': False, 'entities': {'hashtags': [{'text': 'etownleffler', 'indices': [0, 13]}], 'symbols': [], 'user_mentions': [], 'urls': [], 'media': [{'id': 836773648350470144, 'id_str': '836773648350470144', 'indices': [77, 100], 'media_url': 'http://pbs.twimg.com/media/C5zRMyNWYAAlMHq.jpg', 'media_url_https': 'https://pbs.twimg.com/media/C5zRMyNWYAAlMHq.jpg', 'url': 'https://t.co/us4AjVfjrF', 'display_url': 'pic.twitter.com/us4AjVfjrF', 'expanded_url': 'https://twitter.com/EtownChaplain/status/836773696589164544/photo/1', 'type': 'photo', 'sizes': {'large': {'w': 1536, 'h': 2048, 'resize': 'fit'}, 'medium': {'w': 900, 'h': 1200, 'resize': 'fit'}, 'small': {'w': 510, 'h': 680, 'resize': 'fit'}, 'thumb': {'w': 150, 'h': 150, 'resize': 'crop'}}}]}, 'extended_entities': {'media': [{'id': 836773648350470144, 'id_str': '836773648350470144', 'indices': [77, 100], 'media_url': 'http://pbs.twimg.com/media/C5zRMyNWYAAlMHq.jpg', 'media_url_https': 'https://pbs.twimg.com/media/C5zRMyNWYAAlMHq.jpg', 'url': 'https://t.co/us4AjVfjrF', 'display_url': 'pic.twitter.com/us4AjVfjrF', 'expanded_url': 'https://twitter.com/EtownChaplain/status/836773696589164544/photo/1', 'type': 'photo', 'sizes': {'large': {'w': 1536, 'h': 2048, 'resize': 'fit'}, 'medium': {'w': 900, 'h': 1200, 'resize': 'fit'}, 'small': {'w': 510, 'h': 680, 'resize': 'fit'}, 'thumb': {'w': 150, 'h': 150, 'resize': 'crop'}}}]}, 'metadata': {'iso_language_code': 'en', 'result_type': 'recent'}, 'source': '<a href=""http://twitter.com/download/iphone"" rel=""nofollow"">Twitter for iPhone</a>', 'in_reply_to_status_id': None, 'in_reply_to_status_id_str': None, 'in_reply_to_user_id': None, 'in_reply_to_user_id_str': None, 'in_reply_to_screen_name': None, 'user': {'id': 1428814700, 'id_str': '1428814700', 'name': 'Etown Chaplain', 'screen_name': 'EtownChaplain', 'location': 'Elizabethtown College, PA', 'description': '', 'url': 'http://t.co/C3qCQOuhcC', 'entities': {'url': {'urls': [{'url': 'http://t.co/C3qCQOuhcC', 'expanded_url': 'http://www.etown.edu/offices/chaplain', 'display_url': 'etown.edu/offices/chaplaâ€¦', 'indices': [0, 22]}]}, 'description': {'urls': []}}, 'protected': False, 'followers_count': 196, 'friends_count': 170, 'listed_count': 5, 'created_at': 'Tue May 14 20:49:02 +0000 2013', 'favourites_count': 530, 'utc_offset': None, 'time_zone': None, 'geo_enabled': False, 'verified': False, 'statuses_count': 439, 'lang': 'en', 'contributors_enabled': False, 'is_translator': False, 'is_translation_enabled': False, 'profile_background_color': '1D1999', 'profile_background_image_url': 'http://pbs.twimg.com/profile_background_images/868525131/c4a0aca5681c3673bb532ffe5133f046.jpeg', 'profile_background_image_url_https': 'https://pbs.twimg.com/profile_background_images/868525131/c4a0aca5681c3673bb532ffe5133f046.jpeg', 'profile_background_tile': False, 'profile_image_url': 'http://pbs.twimg.com/profile_images/3659853538/e8ed67b2975c7d995e1a7a82840102f1_normal.jpeg', 'profile_image_url_https': 'https://pbs.twimg.com/profile_images/3659853538/e8ed67b2975c7d995e1a7a82840102f1_normal.jpeg', 'profile_banner_url': 'https://pbs.twimg.com/profile_banners/1428814700/1368564808', 'profile_link_color': '358FBF', 'profile_sidebar_border_color': 'FFFFFF', 'profile_sidebar_fill_color': 'DDEEF6', 'profile_text_color': '333333', 'profile_use_background_image': False, 'has_extended_profile': False, 'default_profile': False, 'default_profile_image': False, 'following': None, 'follow_request_sent': None, 'notifications': None, 'translator_type': 'none'}, 'geo': None, 'coordinates': None, 'place': None, 'contributors': None, 'is_quote_status': False, 'retweet_count': 1, 'favorite_count': 0, 'favorited': False, 'retweeted': False, 'possibly_sensitive': False, 'lang': 'en'}, 'is_quote_status': False, 'retweet_count': 1, 'favorite_count': 0, 'favorited': False, 'retweeted': False, 'possibly_sensitive': False, 'lang': 'en'}",none,Wed Mar 01 13:03:43 +0000 2017
836924779298967553,836924779298967553,,,Canada is the United StatesÂ’ largest partner for energy trade https://t.co/a4BEehqduO,"Harrisburg, PA",30474844,"{'created_at': 'Wed Mar 01 13:03:11 +0000 2017', 'id': 836924779298967553, 'id_str': '836924779298967553', 'text': 'Canada is the United States\x92 largest partner for energy trade https://t.co/a4BEehqduO', 'truncated': False, 'entities': {'hashtags': [], 'symbols': [], 'user_mentions': [], 'urls': [{'url': 'https://t.co/a4BEehqduO', 'expanded_url': 'http://ift.tt/2mEvvQU', 'display_url': 'ift.tt/2mEvvQU', 'indices': [62, 85]}]}, 'metadata': {'iso_language_code': 'en', 'result_type': 'recent'}, 'source': '<a href=""https://ifttt.com"" rel=""nofollow"">IFTTT</a>', 'in_reply_to_status_id': None, 'in_reply_to_status_id_str': None, 'in_reply_to_user_id': None, 'in_reply_to_user_id_str': None, 'in_reply_to_screen_name': None, 'user': {'id': 30474844, 'id_str': '30474844', 'name': 'Scott Staruch', 'screen_name': 'scottstaruch', 'location': 'Harrisburg, PA', 'description': ""communications/energy consultant, father, wannabe golfer, branding/design enthusiast, love sports, O's, music, tech, food & drink"", 'url': None, 'entities': {'description': {'urls': []}}, 'protected': False, 'followers_count': 241, 'friends_count': 440, 'listed_count': 11, 'created_at': 'Sat Apr 11 16:30:33 +0000 2009', 'favourites_count': 252, 'utc_offset': None, 'time_zone': None, 'geo_enabled': False, 'verified': False, 'statuses_count': 2466, 'lang': 'en', 'contributors_enabled': False, 'is_translator': False, 'is_translation_enabled': False, 'profile_background_color': 'C0DEED', 'profile_background_image_url': 'http://pbs.twimg.com/profile_background_images/378800000028253492/791432b4ecc56ba66852005026005a6e.jpeg', 'profile_background_image_url_https': 'https://pbs.twimg.com/profile_background_images/378800000028253492/791432b4ecc56ba66852005026005a6e.jpeg', 'profile_background_tile': False, 'profile_image_url': 'http://pbs.twimg.com/profile_images/1082173371/120409-QuantumPics-006_normal.jpg', 'profile_image_url_https': 'https://pbs.twimg.com/profile_images/1082173371/120409-QuantumPics-006_normal.jpg', 'profile_banner_url': 'https://pbs.twimg.com/profile_banners/30474844/1461322900', 'profile_link_color': '0084B4', 'profile_sidebar_border_color': 'FFFFFF', 'profile_sidebar_fill_color': 'DDEEF6', 'profile_text_color': '333333', 'profile_use_background_image': True, 'has_extended_profile': False, 'default_profile': False, 'default_profile_image': False, 'following': None, 'follow_request_sent': None, 'notifications': None, 'translator_type': 'none'}, 'geo': None, 'coordinates': None, 'place': None, 'contributors': None, 'is_quote_status': False, 'retweet_count': 0, 'favorite_count': 0, 'favorited': False, 'retweeted': False, 'possibly_sensitive': False, 'lang': 'en'}",none,Wed Mar 01 13:03:11 +0000 2017
836912573844959232,836912573844959232,,,"RT @GeminijlwWilson: After advancing Scott Pruitt confirmation, senator heads over to energy lobbyist fundraiser https://t.co/gZpWFB1clW byâ€¦",,800676192,"{'created_at': 'Wed Mar 01 12:14:41 +0000 2017', 'id': 836912573844959232, 'id_str': '836912573844959232', 'text': 'RT @GeminijlwWilson: After advancing Scott Pruitt confirmation, senator heads over to energy lobbyist fundraiser https://t.co/gZpWFB1clW byâ€¦', 'truncated': False, 'entities': {'hashtags': [], 'symbols': [], 'user_mentions': [{'screen_name': 'GeminijlwWilson', 'name': 'jackie', 'id': 327022004, 'id_str': '327022004', 'indices': [3, 19]}], 'urls': [{'url': 'https://t.co/gZpWFB1clW', 'expanded_url': 'https://interc.pt/2lVcRE3', 'display_url': 'interc.pt/2lVcRE3', 'indices': [113, 136]}]}, 'metadata': {'iso_language_code': 'en', 'result_type': 'recent'}, 'source': '<a href=""https://mobile.twitter.com"" rel=""nofollow"">Mobile Web (M5)</a>', 'in_reply_to_status_id': None, 'in_reply_to_status_id_str': None, 'in_reply_to_user_id': None, 'in_reply_to_user_id_str': None, 'in_reply_to_screen_name': None, 'user': {'id': 800676192, 'id_str': '800676192', 'name': 'Trisha leblanc', 'screen_name': 'whitedogl', 'location': '', 'description': '', 'url': None, 'entities': {'description': {'urls': []}}, 'protected': False, 'followers_count': 239, 'friends_count': 35, 'listed_count': 41, 'created_at': 'Mon Sep 03 15:57:58 +0000 2012', 'favourites_count': 29755, 'utc_offset': None, 'time_zone': None, 'geo_enabled': False, 'verified': False, 'statuses_count': 39830, 'lang': 'en', 'contributors_enabled': False, 'is_translator': False, 'is_translation_enabled': False, 'profile_background_color': 'C0DEED', 'profile_background_image_url': 'http://abs.twimg.com/images/themes/theme1/bg.png', 'profile_background_image_url_https': 'https://abs.twimg.com/images/themes/theme1/bg.png', 'profile_background_tile': False, 'profile_image_url': 'http://abs.twimg.com/sticky/default_profile_images/default_profile_1_normal.png', 'profile_image_url_https': 'https://abs.twimg.com/sticky/default_profile_images/default_profile_1_normal.png', 'profile_link_color': '1DA1F2', 'profile_sidebar_border_color': 'C0DEED', 'profile_sidebar_fill_color': 'DDEEF6', 'profile_text_color': '333333', 'profile_use_background_image': True, 'has_extended_profile': False, 'default_profile': True, 'default_profile_image': True, 'following': None, 'follow_request_sent': None, 'notifications': None, 'translator_type': 'none'}, 'geo': None, 'coordinates': None, 'place': None, 'contributors': None, 'retweeted_status': {'created_at': 'Wed Mar 01 11:20:33 +0000 2017', 'id': 836898952767242240, 'id_str': '836898952767242240', 'text': 'After advancing Scott Pruitt confirmation, senator heads over to energy lobbyist fundraiser https://t.co/gZpWFB1clW by @lhfang @nicksurgey', 'truncated': False, 'entities': {'hashtags': [], 'symbols': [], 'user_mentions': [{'screen_name': 'lhfang', 'name': 'Lee Fang', 'id': 7900962, 'id_str': '7900962', 'indices': [119, 126]}, {'screen_name': 'NickSurgey', 'name': 'Nick Surgey', 'id': 53354865, 'id_str': '53354865', 'indices': [127, 138]}], 'urls': [{'url': 'https://t.co/gZpWFB1clW', 'expanded_url': 'https://interc.pt/2lVcRE3', 'display_url': 'interc.pt/2lVcRE3', 'indices': [92, 115]}]}, 'metadata': {'iso_language_code': 'en', 'result_type': 'recent'}, 'source': '<a href=""http://twitter.com"" rel=""nofollow"">Twitter Web Client</a>', 'in_reply_to_status_id': None, 'in_reply_to_status_id_str': None, 'in_reply_to_user_id': None, 'in_reply_to_user_id_str': None, 'in_reply_to_screen_name': None, 'user': {'id': 327022004, 'id_str': '327022004', 'name': 'jackie', 'screen_name': 'GeminijlwWilson', 'location': 'Harrisburg, Pa', 'description': 'Am 63 year old, retiree, live on a shoe string, believe in making changes today.  Occupy everything.', 'url': None, 'entities': {'description': {'urls': []}}, 'protected': False, 'followers_count': 1213, 'friends_count': 2426, 'listed_count': 60, 'created_at': 'Thu Jun 30 21:35:48 +0000 2011', 'favourites_count': 1932, 'utc_offset': -14400, 'time_zone': 'Atlantic Time (Canada)', 'geo_enabled': False, 'verified': False, 'statuses_count': 36255, 'lang': 'en', 'contributors_enabled': False, 'is_translator': False, 'is_translation_enabled': False, 'profile_background_color': '000000', 'profile_background_image_url': 'http://abs.twimg.com/images/themes/theme1/bg.png', 'profile_background_image_url_https': 'https://abs.twimg.com/images/themes/theme1/bg.png', 'profile_background_tile': False, 'profile_image_url': 'http://pbs.twimg.com/profile_images/692919625533800448/hLGauNKE_normal.jpg', 'profile_image_url_https': 'https://pbs.twimg.com/profile_images/692919625533800448/hLGauNKE_normal.jpg', 'profile_link_color': 'DD2E44', 'profile_sidebar_border_color': '000000', 'profile_sidebar_fill_color': '000000', 'profile_text_color': '000000', 'profile_use_background_image': False, 'has_extended_profile': False, 'default_profile': False, 'default_profile_image': False, 'following': None, 'follow_request_sent': None, 'notifications': None, 'translator_type': 'none'}, 'geo': None, 'coordinates': None, 'place': None, 'contributors': None, 'is_quote_status': False, 'retweet_count': 1, 'favorite_count': 0, 'favorited': False, 'retweeted': False, 'possibly_sensitive': False, 'lang': 'en'}, 'is_quote_status': False, 'retweet_count': 1, 'favorite_count': 0, 'favorited': False, 'retweeted': False, 'possibly_sensitive': False, 'lang': 'en'}",none,Wed Mar 01 12:14:41 +0000 2017
836900781026652160,836900781026652160,,,"RT @jham717: If you are riding a wave of high energy, you might be able to ... More for Sagittarius https://t.co/qnJl6Opvbk",,826720417373155328,"{'created_at': 'Wed Mar 01 11:27:49 +0000 2017', 'id': 836900781026652160, 'id_str': '836900781026652160', 'text': 'RT @jham717: If you are riding a wave of high energy, you might be able to ... More for Sagittarius https://t.co/qnJl6Opvbk', 'truncated': False, 'entities': {'hashtags': [], 'symbols': [], 'user_mentions': [{'screen_name': 'jham717', 'name': 'jham717', 'id': 3066844540, 'id_str': '3066844540', 'indices': [3, 11]}], 'urls': [{'url': 'https://t.co/qnJl6Opvbk', 'expanded_url': 'http://bit.ly/yibOac', 'display_url': 'bit.ly/yibOac', 'indices': [100, 123]}]}, 'metadata': {'iso_language_code': 'en', 'result_type': 'recent'}, 'source': '<a href=""http://twitter.com"" rel=""nofollow"">Twitter Web Client</a>', 'in_reply_to_status_id': None, 'in_reply_to_status_id_str': None, 'in_reply_to_user_id': None, 'in_reply_to_user_id_str': None, 'in_reply_to_screen_name': None, 'user': {'id': 826720417373155328, 'id_str': '826720417373155328', 'name': 'Kylie Campbell', 'screen_name': '5PjwvzukySpZGZJ', 'location': '', 'description': '', 'url': None, 'entities': {'description': {'urls': []}}, 'protected': False, 'followers_count': 13, 'friends_count': 100, 'listed_count': 0, 'created_at': 'Wed Feb 01 09:14:42 +0000 2017', 'favourites_count': 481, 'utc_offset': None, 'time_zone': None, 'geo_enabled': False, 'verified': False, 'statuses_count': 429, 'lang': 'ru', 'contributors_enabled': False, 'is_translator': False, 'is_translation_enabled': False, 'profile_background_color': 'F5F8FA', 'profile_background_image_url': None, 'profile_background_image_url_https': None, 'profile_background_tile': False, 'profile_image_url': 'http://pbs.twimg.com/profile_images/828499220705460224/fyjid1Ys_normal.jpg', 'profile_image_url_https': 'https://pbs.twimg.com/profile_images/828499220705460224/fyjid1Ys_normal.jpg', 'profile_link_color': '1DA1F2', 'profile_sidebar_border_color': 'C0DEED', 'profile_sidebar_fill_color': 'DDEEF6', 'profile_text_color': '333333', 'profile_use_background_image': True, 'has_extended_profile': False, 'default_profile': True, 'default_profile_image': False, 'following': None, 'follow_request_sent': None, 'notifications': None, 'translator_type': 'none'}, 'geo': None, 'coordinates': None, 'place': None, 'contributors': None, 'retweeted_status': {'created_at': 'Tue Feb 28 12:26:00 +0000 2017', 'id': 836553036466049025, 'id_str': '836553036466049025', 'text': 'If you are riding a wave of high energy, you might be able to ... More for Sagittarius https://t.co/qnJl6Opvbk', 'truncated': False, 'entities': {'hashtags': [], 'symbols': [], 'user_mentions': [], 'urls': [{'url': 'https://t.co/qnJl6Opvbk', 'expanded_url': 'http://bit.ly/yibOac', 'display_url': 'bit.ly/yibOac', 'indices': [87, 110]}]}, 'metadata': {'iso_language_code': 'en', 'result_type': 'recent'}, 'source': '<a href=""http://www.twittascope.com"" rel=""nofollow"">Twittascope</a>', 'in_reply_to_status_id': None, 'in_reply_to_status_id_str': None, 'in_reply_to_user_id': None, 'in_reply_to_user_id_str': None, 'in_reply_to_screen_name': None, 'user': {'id': 3066844540, 'id_str': '3066844540', 'name': 'jham717', 'screen_name': 'jham717', 'location': 'York, PA', 'description': '', 'url': None, 'entities': {'description': {'urls': []}}, 'protected': False, 'followers_count': 114, 'friends_count': 355, 'listed_count': 1, 'created_at': 'Tue Mar 03 02:28:09 +0000 2015', 'favourites_count': 271, 'utc_offset': None, 'time_zone': None, 'geo_enabled': False, 'verified': False, 'statuses_count': 1099, 'lang': 'en', 'contributors_enabled': False, 'is_translator': False, 'is_translation_enabled': False, 'profile_background_color': 'C0DEED', 'profile_background_image_url': 'http://abs.twimg.com/images/themes/theme1/bg.png', 'profile_background_image_url_https': 'https://abs.twimg.com/images/themes/theme1/bg.png', 'profile_background_tile': False, 'profile_image_url': 'http://pbs.twimg.com/profile_images/785609631544467461/CSsVTETd_normal.jpg', 'profile_image_url_https': 'https://pbs.twimg.com/profile_images/785609631544467461/CSsVTETd_normal.jpg', 'profile_banner_url': 'https://pbs.twimg.com/profile_banners/3066844540/1446936970', 'profile_link_color': '1DA1F2', 'profile_sidebar_border_color': 'C0DEED', 'profile_sidebar_fill_color': 'DDEEF6', 'profile_text_color': '333333', 'profile_use_background_image': True, 'has_extended_profile': True, 'default_profile': True, 'default_profile_image': False, 'following': None, 'follow_request_sent': None, 'notifications': None, 'translator_type': 'none'}, 'geo': None, 'coordinates': None, 'place': None, 'contributors': None, 'is_quote_status': False, 'retweet_count': 1, 'favorite_count': 0, 'favorited': False, 'retweeted': False, 'possibly_sensitive': False, 'lang': 'en'}, 'is_quote_status': False, 'retweet_count': 1, 'favorite_count': 0, 'favorited': False, 'retweeted': False, 'possibly_sensitive': False, 'lang': 'en'}",none,Wed Mar 01 11:27:49 +0000 2017
836898952767242240,836898952767242240,,,"After advancing Scott Pruitt confirmation, senator heads over to energy lobbyist fundraiser https://t.co/gZpWFB1clW by @lhfang @nicksurgey","Harrisburg, Pa",327022004,"{'created_at': 'Wed Mar 01 11:20:33 +0000 2017', 'id': 836898952767242240, 'id_str': '836898952767242240', 'text': 'After advancing Scott Pruitt confirmation, senator heads over to energy lobbyist fundraiser https://t.co/gZpWFB1clW by @lhfang @nicksurgey', 'truncated': False, 'entities': {'hashtags': [], 'symbols': [], 'user_mentions': [{'screen_name': 'lhfang', 'name': 'Lee Fang', 'id': 7900962, 'id_str': '7900962', 'indices': [119, 126]}, {'screen_name': 'NickSurgey', 'name': 'Nick Surgey', 'id': 53354865, 'id_str': '53354865', 'indices': [127, 138]}], 'urls': [{'url': 'https://t.co/gZpWFB1clW', 'expanded_url': 'https://interc.pt/2lVcRE3', 'display_url': 'interc.pt/2lVcRE3', 'indices': [92, 115]}]}, 'metadata': {'iso_language_code': 'en', 'result_type': 'recent'}, 'source': '<a href=""http://twitter.com"" rel=""nofollow"">Twitter Web Client</a>', 'in_reply_to_status_id': None, 'in_reply_to_status_id_str': None, 'in_reply_to_user_id': None, 'in_reply_to_user_id_str': None, 'in_reply_to_screen_name': None, 'user': {'id': 327022004, 'id_str': '327022004', 'name': 'jackie', 'screen_name': 'GeminijlwWilson', 'location': 'Harrisburg, Pa', 'description': 'Am 63 year old, retiree, live on a shoe string, believe in making changes today.  Occupy everything.', 'url': None, 'entities': {'description': {'urls': []}}, 'protected': False, 'followers_count': 1213, 'friends_count': 2426, 'listed_count': 60, 'created_at': 'Thu Jun 30 21:35:48 +0000 2011', 'favourites_count': 1932, 'utc_offset': -14400, 'time_zone': 'Atlantic Time (Canada)', 'geo_enabled': False, 'verified': False, 'statuses_count': 36255, 'lang': 'en', 'contributors_enabled': False, 'is_translator': False, 'is_translation_enabled': False, 'profile_background_color': '000000', 'profile_background_image_url': 'http://abs.twimg.com/images/themes/theme1/bg.png', 'profile_background_image_url_https': 'https://abs.twimg.com/images/themes/theme1/bg.png', 'profile_background_tile': False, 'profile_image_url': 'http://pbs.twimg.com/profile_images/692919625533800448/hLGauNKE_normal.jpg', 'profile_image_url_https': 'https://pbs.twimg.com/profile_images/692919625533800448/hLGauNKE_normal.jpg', 'profile_link_color': 'DD2E44', 'profile_sidebar_border_color': '000000', 'profile_sidebar_fill_color': '000000', 'profile_text_color': '000000', 'profile_use_background_image': False, 'has_extended_profile': False, 'default_profile': False, 'default_profile_image': False, 'following': None, 'follow_request_sent': None, 'notifications': None, 'translator_type': 'none'}, 'geo': None, 'coordinates': None, 'place': None, 'contributors': None, 'is_quote_status': False, 'retweet_count': 1, 'favorite_count': 0, 'favorited': False, 'retweeted': False, 'possibly_sensitive': False, 'lang': 'en'}",none,Wed Mar 01 11:20:33 +0000 2017
836781856347435008,836781856347435008,,,"@StephenBannon Build wall out of solar panels; Largest Green Energy project ever!  Pays for itself, plus sell the energy to Mexico.","Hershey, PA",2219493676,"{'created_at': 'Wed Mar 01 03:35:15 +0000 2017', 'id': 836781856347435008, 'id_str': '836781856347435008', 'text': '@StephenBannon Build wall out of solar panels; Largest Green Energy project ever!  Pays for itself, plus sell the energy to Mexico.', 'truncated': False, 'entities': {'hashtags': [], 'symbols': [], 'user_mentions': [{'screen_name': 'StephenBannon', 'name': 'Stephen K. Bannon', 'id': 114547606, 'id_str': '114547606', 'indices': [0, 14]}], 'urls': []}, 'metadata': {'iso_language_code': 'en', 'result_type': 'recent'}, 'source': '<a href=""http://twitter.com/download/android"" rel=""nofollow"">Twitter for Android</a>', 'in_reply_to_status_id': None, 'in_reply_to_status_id_str': None, 'in_reply_to_user_id': 114547606, 'in_reply_to_user_id_str': '114547606', 'in_reply_to_screen_name': 'StephenBannon', 'user': {'id': 2219493676, 'id_str': '2219493676', 'name': 'Curtis Dubinsky', 'screen_name': 'DubinskyCurtis', 'location': 'Hershey, PA', 'description': 'Owner - Backyard Productions, Inc.                        \n\n\n\nvideo producer -\nphotographer', 'url': 'https://t.co/BNSuMbiid3', 'entities': {'url': {'urls': [{'url': 'https://t.co/BNSuMbiid3', 'expanded_url': 'http://backyardprod.com', 'display_url': 'backyardprod.com', 'indices': [0, 23]}]}, 'description': {'urls': []}}, 'protected': False, 'followers_count': 9, 'friends_count': 17, 'listed_count': 1, 'created_at': 'Wed Dec 11 12:51:34 +0000 2013', 'favourites_count': 75, 'utc_offset': None, 'time_zone': None, 'geo_enabled': False, 'verified': False, 'statuses_count': 58, 'lang': 'en', 'contributors_enabled': False, 'is_translator': False, 'is_translation_enabled': False, 'profile_background_color': 'C0DEED', 'profile_background_image_url': 'http://abs.twimg.com/images/themes/theme1/bg.png', 'profile_background_image_url_https': 'https://abs.twimg.com/images/themes/theme1/bg.png', 'profile_background_tile': False, 'profile_image_url': 'http://pbs.twimg.com/profile_images/809301039342088192/-EVZdQZc_normal.jpg', 'profile_image_url_https': 'https://pbs.twimg.com/profile_images/809301039342088192/-EVZdQZc_normal.jpg', 'profile_link_color': '1DA1F2', 'profile_sidebar_border_color': 'C0DEED', 'profile_sidebar_fill_color': 'DDEEF6', 'profile_text_color': '333333', 'profile_use_background_image': True, 'has_extended_profile': False, 'default_profile': True, 'default_profile_image': False, 'following': None, 'follow_request_sent': None, 'notifications': None, 'translator_type': 'none'}, 'geo': None, 'coordinates': None, 'place': None, 'contributors': None, 'is_quote_status': False, 'retweet_count': 0, 'favorite_count': 0, 'favorited': False, 'retweeted': False, 'lang': 'en'}",none,Wed Mar 01 03:35:15 +0000 2017
836777666665721857,836777666665721857,,,"Build wall out of solar panels; Largest Green Energy project ever!  Pays for itself, plus sell the energy to Mexico.","Hershey, PA",2219493676,"{'created_at': 'Wed Mar 01 03:18:36 +0000 2017', 'id': 836777666665721857, 'id_str': '836777666665721857', 'text': 'Build wall out of solar panels; Largest Green Energy project ever!  Pays for itself, plus sell the energy to Mexico.', 'truncated': False, 'entities': {'hashtags': [], 'symbols': [], 'user_mentions': [], 'urls': []}, 'metadata': {'iso_language_code': 'en', 'result_type': 'recent'}, 'source': '<a href=""http://twitter.com/download/android"" rel=""nofollow"">Twitter for Android</a>', 'in_reply_to_status_id': None, 'in_reply_to_status_id_str': None, 'in_reply_to_user_id': None, 'in_reply_to_user_id_str': None, 'in_reply_to_screen_name': None, 'user': {'id': 2219493676, 'id_str': '2219493676', 'name': 'Curtis Dubinsky', 'screen_name': 'DubinskyCurtis', 'location': 'Hershey, PA', 'description': 'Owner - Backyard Productions, Inc.                        \n\n\n\nvideo producer -\nphotographer', 'url': 'https://t.co/BNSuMbiid3', 'entities': {'url': {'urls': [{'url': 'https://t.co/BNSuMbiid3', 'expanded_url': 'http://backyardprod.com', 'display_url': 'backyardprod.com', 'indices': [0, 23]}]}, 'description': {'urls': []}}, 'protected': False, 'followers_count': 9, 'friends_count': 17, 'listed_count': 1, 'created_at': 'Wed Dec 11 12:51:34 +0000 2013', 'favourites_count': 75, 'utc_offset': None, 'time_zone': None, 'geo_enabled': False, 'verified': False, 'statuses_count': 58, 'lang': 'en', 'contributors_enabled': False, 'is_translator': False, 'is_translation_enabled': False, 'profile_background_color': 'C0DEED', 'profile_background_image_url': 'http://abs.twimg.com/images/themes/theme1/bg.png', 'profile_background_image_url_https': 'https://abs.twimg.com/images/themes/theme1/bg.png', 'profile_background_tile': False, 'profile_image_url': 'http://pbs.twimg.com/profile_images/809301039342088192/-EVZdQZc_normal.jpg', 'profile_image_url_https': 'https://pbs.twimg.com/profile_images/809301039342088192/-EVZdQZc_normal.jpg', 'profile_link_color': '1DA1F2', 'profile_sidebar_border_color': 'C0DEED', 'profile_sidebar_fill_color': 'DDEEF6', 'profile_text_color': '333333', 'profile_use_background_image': True, 'has_extended_profile': False, 'default_profile': True, 'default_profile_image': False, 'following': None, 'follow_request_sent': None, 'notifications': None, 'translator_type': 'none'}, 'geo': None, 'coordinates': None, 'place': None, 'contributors': None, 'is_quote_status': False, 'retweet_count': 0, 'favorite_count': 0, 'favorited': False, 'retweeted': False, 'lang': 'en'}",none,Wed Mar 01 03:18:36 +0000 2017
836777580871180288,836777580871180288,,,"@CNN Build wall out of solar panels; Largest Green Energy project ever!  Pays for itself, plus sell the energy to Mexico.","Hershey, PA",2219493676,"{'created_at': 'Wed Mar 01 03:18:16 +0000 2017', 'id': 836777580871180288, 'id_str': '836777580871180288', 'text': '@CNN Build wall out of solar panels; Largest Green Energy project ever!  Pays for itself, plus sell the energy to Mexico.', 'truncated': False, 'entities': {'hashtags': [], 'symbols': [], 'user_mentions': [{'screen_name': 'CNN', 'name': 'CNN', 'id': 759251, 'id_str': '759251', 'indices': [0, 4]}], 'urls': []}, 'metadata': {'iso_language_code': 'en', 'result_type': 'recent'}, 'source': '<a href=""http://twitter.com/download/android"" rel=""nofollow"">Twitter for Android</a>', 'in_reply_to_status_id': None, 'in_reply_to_status_id_str': None, 'in_reply_to_user_id': 759251, 'in_reply_to_user_id_str': '759251', 'in_reply_to_screen_name': 'CNN', 'user': {'id': 2219493676, 'id_str': '2219493676', 'name': 'Curtis Dubinsky', 'screen_name': 'DubinskyCurtis', 'location': 'Hershey, PA', 'description': 'Owner - Backyard Productions, Inc.                        \n\n\n\nvideo producer -\nphotographer', 'url': 'https://t.co/BNSuMbiid3', 'entities': {'url': {'urls': [{'url': 'https://t.co/BNSuMbiid3', 'expanded_url': 'http://backyardprod.com', 'display_url': 'backyardprod.com', 'indices': [0, 23]}]}, 'description': {'urls': []}}, 'protected': False, 'followers_count': 9, 'friends_count': 17, 'listed_count': 1, 'created_at': 'Wed Dec 11 12:51:34 +0000 2013', 'favourites_count': 75, 'utc_offset': None, 'time_zone': None, 'geo_enabled': False, 'verified': False, 'statuses_count': 58, 'lang': 'en', 'contributors_enabled': False, 'is_translator': False, 'is_translation_enabled': False, 'profile_background_color': 'C0DEED', 'profile_background_image_url': 'http://abs.twimg.com/images/themes/theme1/bg.png', 'profile_background_image_url_https': 'https://abs.twimg.com/images/themes/theme1/bg.png', 'profile_background_tile': False, 'profile_image_url': 'http://pbs.twimg.com/profile_images/809301039342088192/-EVZdQZc_normal.jpg', 'profile_image_url_https': 'https://pbs.twimg.com/profile_images/809301039342088192/-EVZdQZc_normal.jpg', 'profile_link_color': '1DA1F2', 'profile_sidebar_border_color': 'C0DEED', 'profile_sidebar_fill_color': 'DDEEF6', 'profile_text_color': '333333', 'profile_use_background_image': True, 'has_extended_profile': False, 'default_profile': True, 'default_profile_image': False, 'following': None, 'follow_request_sent': None, 'notifications': None, 'translator_type': 'none'}, 'geo': None, 'coordinates': None, 'place': None, 'contributors': None, 'is_quote_status': False, 'retweet_count': 0, 'favorite_count': 0, 'favorited': False, 'retweeted': False, 'lang': 'en'}",none,Wed Mar 01 03:18:16 +0000 2017
836777451783139328,836777451783139328,,,"@FoxNews Build wall out of solar panels; Largest Green Energy project ever!  Pays for itself, plus sell the energy to Mexico.","Hershey, PA",2219493676,"{'created_at': 'Wed Mar 01 03:17:45 +0000 2017', 'id': 836777451783139328, 'id_str': '836777451783139328', 'text': '@FoxNews Build wall out of solar panels; Largest Green Energy project ever!  Pays for itself, plus sell the energy to Mexico.', 'truncated': False, 'entities': {'hashtags': [], 'symbols': [], 'user_mentions': [{'screen_name': 'FoxNews', 'name': 'Fox News', 'id': 1367531, 'id_str': '1367531', 'indices': [0, 8]}], 'urls': []}, 'metadata': {'iso_language_code': 'en', 'result_type': 'recent'}, 'source': '<a href=""http://twitter.com/download/android"" rel=""nofollow"">Twitter for Android</a>', 'in_reply_to_status_id': None, 'in_reply_to_status_id_str': None, 'in_reply_to_user_id': 1367531, 'in_reply_to_user_id_str': '1367531', 'in_reply_to_screen_name': 'FoxNews', 'user': {'id': 2219493676, 'id_str': '2219493676', 'name': 'Curtis Dubinsky', 'screen_name': 'DubinskyCurtis', 'location': 'Hershey, PA', 'description': 'Owner - Backyard Productions, Inc.                        \n\n\n\nvideo producer -\nphotographer', 'url': 'https://t.co/BNSuMbiid3', 'entities': {'url': {'urls': [{'url': 'https://t.co/BNSuMbiid3', 'expanded_url': 'http://backyardprod.com', 'display_url': 'backyardprod.com', 'indices': [0, 23]}]}, 'description': {'urls': []}}, 'protected': False, 'followers_count': 9, 'friends_count': 17, 'listed_count': 1, 'created_at': 'Wed Dec 11 12:51:34 +0000 2013', 'favourites_count': 75, 'utc_offset': None, 'time_zone': None, 'geo_enabled': False, 'verified': False, 'statuses_count': 58, 'lang': 'en', 'contributors_enabled': False, 'is_translator': False, 'is_translation_enabled': False, 'profile_background_color': 'C0DEED', 'profile_background_image_url': 'http://abs.twimg.com/images/themes/theme1/bg.png', 'profile_background_image_url_https': 'https://abs.twimg.com/images/themes/theme1/bg.png', 'profile_background_tile': False, 'profile_image_url': 'http://pbs.twimg.com/profile_images/809301039342088192/-EVZdQZc_normal.jpg', 'profile_image_url_https': 'https://pbs.twimg.com/profile_images/809301039342088192/-EVZdQZc_normal.jpg', 'profile_link_color': '1DA1F2', 'profile_sidebar_border_color': 'C0DEED', 'profile_sidebar_fill_color': 'DDEEF6', 'profile_text_color': '333333', 'profile_use_background_image': True, 'has_extended_profile': False, 'default_profile': True, 'default_profile_image': False, 'following': None, 'follow_request_sent': None, 'notifications': None, 'translator_type': 'none'}, 'geo': None, 'coordinates': None, 'place': None, 'contributors': None, 'is_quote_status': False, 'retweet_count': 0, 'favorite_count': 0, 'favorited': False, 'retweeted': False, 'lang': 'en'}",none,Wed Mar 01 03:17:45 +0000 2017
836777355326685184,836777355326685184,,,"@realDonaldTrump Build wall out of solar panels; Largest Green Energy project ever!  Pays for itself, plus sell the energy to Mexico.","Hershey, PA",2219493676,"{'created_at': 'Wed Mar 01 03:17:22 +0000 2017', 'id': 836777355326685184, 'id_str': '836777355326685184', 'text': '@realDonaldTrump Build wall out of solar panels; Largest Green Energy project ever!  Pays for itself, plus sell the energy to Mexico.', 'truncated': False, 'entities': {'hashtags': [], 'symbols': [], 'user_mentions': [{'screen_name': 'realDonaldTrump', 'name': 'Donald J. Trump', 'id': 25073877, 'id_str': '25073877', 'indices': [0, 16]}], 'urls': []}, 'metadata': {'iso_language_code': 'en', 'result_type': 'recent'}, 'source': '<a href=""http://twitter.com/download/android"" rel=""nofollow"">Twitter for Android</a>', 'in_reply_to_status_id': None, 'in_reply_to_status_id_str': None, 'in_reply_to_user_id': 25073877, 'in_reply_to_user_id_str': '25073877', 'in_reply_to_screen_name': 'realDonaldTrump', 'user': {'id': 2219493676, 'id_str': '2219493676', 'name': 'Curtis Dubinsky', 'screen_name': 'DubinskyCurtis', 'location': 'Hershey, PA', 'description': 'Owner - Backyard Productions, Inc.                        \n\n\n\nvideo producer -\nphotographer', 'url': 'https://t.co/BNSuMbiid3', 'entities': {'url': {'urls': [{'url': 'https://t.co/BNSuMbiid3', 'expanded_url': 'http://backyardprod.com', 'display_url': 'backyardprod.com', 'indices': [0, 23]}]}, 'description': {'urls': []}}, 'protected': False, 'followers_count': 9, 'friends_count': 17, 'listed_count': 1, 'created_at': 'Wed Dec 11 12:51:34 +0000 2013', 'favourites_count': 75, 'utc_offset': None, 'time_zone': None, 'geo_enabled': False, 'verified': False, 'statuses_count': 58, 'lang': 'en', 'contributors_enabled': False, 'is_translator': False, 'is_translation_enabled': False, 'profile_background_color': 'C0DEED', 'profile_background_image_url': 'http://abs.twimg.com/images/themes/theme1/bg.png', 'profile_background_image_url_https': 'https://abs.twimg.com/images/themes/theme1/bg.png', 'profile_background_tile': False, 'profile_image_url': 'http://pbs.twimg.com/profile_images/809301039342088192/-EVZdQZc_normal.jpg', 'profile_image_url_https': 'https://pbs.twimg.com/profile_images/809301039342088192/-EVZdQZc_normal.jpg', 'profile_link_color': '1DA1F2', 'profile_sidebar_border_color': 'C0DEED', 'profile_sidebar_fill_color': 'DDEEF6', 'profile_text_color': '333333', 'profile_use_background_image': True, 'has_extended_profile': False, 'default_profile': True, 'default_profile_image': False, 'following': None, 'follow_request_sent': None, 'notifications': None, 'translator_type': 'none'}, 'geo': None, 'coordinates': None, 'place': None, 'contributors': None, 'is_quote_status': False, 'retweet_count': 0, 'favorite_count': 0, 'favorited': False, 'retweeted': False, 'lang': 'en'}",none,Wed Mar 01 03:17:22 +0000 2017
836777095342731265,836777095342731265,,,"@POTUS  Build wall out of solar panels,  largest Green Energy projects ever!  Pay for itself, plus sell the energy to Mexico.","Hershey, PA",2219493676,"{'created_at': 'Wed Mar 01 03:16:20 +0000 2017', 'id': 836777095342731265, 'id_str': '836777095342731265', 'text': '@POTUS  Build wall out of solar panels,  largest Green Energy projects ever!  Pay for itself, plus sell the energy to Mexico.', 'truncated': False, 'entities': {'hashtags': [], 'symbols': [], 'user_mentions': [{'screen_name': 'POTUS', 'name': 'President Trump', 'id': 822215679726100480, 'id_str': '822215679726100480', 'indices': [0, 6]}], 'urls': []}, 'metadata': {'iso_language_code': 'en', 'result_type': 'recent'}, 'source': '<a href=""http://twitter.com/download/android"" rel=""nofollow"">Twitter for Android</a>', 'in_reply_to_status_id': None, 'in_reply_to_status_id_str': None, 'in_reply_to_user_id': 822215679726100480, 'in_reply_to_user_id_str': '822215679726100480', 'in_reply_to_screen_name': 'POTUS', 'user': {'id': 2219493676, 'id_str': '2219493676', 'name': 'Curtis Dubinsky', 'screen_name': 'DubinskyCurtis', 'location': 'Hershey, PA', 'description': 'Owner - Backyard Productions, Inc.                        \n\n\n\nvideo producer -\nphotographer', 'url': 'https://t.co/BNSuMbiid3', 'entities': {'url': {'urls': [{'url': 'https://t.co/BNSuMbiid3', 'expanded_url': 'http://backyardprod.com', 'display_url': 'backyardprod.com', 'indices': [0, 23]}]}, 'description': {'urls': []}}, 'protected': False, 'followers_count': 9, 'friends_count': 17, 'listed_count': 1, 'created_at': 'Wed Dec 11 12:51:34 +0000 2013', 'favourites_count': 75, 'utc_offset': None, 'time_zone': None, 'geo_enabled': False, 'verified': False, 'statuses_count': 58, 'lang': 'en', 'contributors_enabled': False, 'is_translator': False, 'is_translation_enabled': False, 'profile_background_color': 'C0DEED', 'profile_background_image_url': 'http://abs.twimg.com/images/themes/theme1/bg.png', 'profile_background_image_url_https': 'https://abs.twimg.com/images/themes/theme1/bg.png', 'profile_background_tile': False, 'profile_image_url': 'http://pbs.twimg.com/profile_images/809301039342088192/-EVZdQZc_normal.jpg', 'profile_image_url_https': 'https://pbs.twimg.com/profile_images/809301039342088192/-EVZdQZc_normal.jpg', 'profile_link_color': '1DA1F2', 'profile_sidebar_border_color': 'C0DEED', 'profile_sidebar_fill_color': 'DDEEF6', 'profile_text_color': '333333', 'profile_use_background_image': True, 'has_extended_profile': False, 'default_profile': True, 'default_profile_image': False, 'following': None, 'follow_request_sent': None, 'notifications': None, 'translator_type': 'none'}, 'geo': None, 'coordinates': None, 'place': None, 'contributors': None, 'is_quote_status': False, 'retweet_count': 0, 'favorite_count': 0, 'favorited': False, 'retweeted': False, 'lang': 'en'}",none,Wed Mar 01 03:16:20 +0000 2017
836773696589164544,836773696589164544,,,"#etownleffler  great crowd, lots of energy and hunger for more conversation. https://t.co/us4AjVfjrF","Elizabethtown College, PA",1428814700,"{'created_at': 'Wed Mar 01 03:02:50 +0000 2017', 'id': 836773696589164544, 'id_str': '836773696589164544', 'text': '#etownleffler  great crowd, lots of energy and hunger for more conversation. https://t.co/us4AjVfjrF', 'truncated': False, 'entities': {'hashtags': [{'text': 'etownleffler', 'indices': [0, 13]}], 'symbols': [], 'user_mentions': [], 'urls': [], 'media': [{'id': 836773648350470144, 'id_str': '836773648350470144', 'indices': [77, 100], 'media_url': 'http://pbs.twimg.com/media/C5zRMyNWYAAlMHq.jpg', 'media_url_https': 'https://pbs.twimg.com/media/C5zRMyNWYAAlMHq.jpg', 'url': 'https://t.co/us4AjVfjrF', 'display_url': 'pic.twitter.com/us4AjVfjrF', 'expanded_url': 'https://twitter.com/EtownChaplain/status/836773696589164544/photo/1', 'type': 'photo', 'sizes': {'large': {'w': 1536, 'h': 2048, 'resize': 'fit'}, 'medium': {'w': 900, 'h': 1200, 'resize': 'fit'}, 'small': {'w': 510, 'h': 680, 'resize': 'fit'}, 'thumb': {'w': 150, 'h': 150, 'resize': 'crop'}}}]}, 'extended_entities': {'media': [{'id': 836773648350470144, 'id_str': '836773648350470144', 'indices': [77, 100], 'media_url': 'http://pbs.twimg.com/media/C5zRMyNWYAAlMHq.jpg', 'media_url_https': 'https://pbs.twimg.com/media/C5zRMyNWYAAlMHq.jpg', 'url': 'https://t.co/us4AjVfjrF', 'display_url': 'pic.twitter.com/us4AjVfjrF', 'expanded_url': 'https://twitter.com/EtownChaplain/status/836773696589164544/photo/1', 'type': 'photo', 'sizes': {'large': {'w': 1536, 'h': 2048, 'resize': 'fit'}, 'medium': {'w': 900, 'h': 1200, 'resize': 'fit'}, 'small': {'w': 510, 'h': 680, 'resize': 'fit'}, 'thumb': {'w': 150, 'h': 150, 'resize': 'crop'}}}]}, 'metadata': {'iso_language_code': 'en', 'result_type': 'recent'}, 'source': '<a href=""http://twitter.com/download/iphone"" rel=""nofollow"">Twitter for iPhone</a>', 'in_reply_to_status_id': None, 'in_reply_to_status_id_str': None, 'in_reply_to_user_id': None, 'in_reply_to_user_id_str': None, 'in_reply_to_screen_name': None, 'user': {'id': 1428814700, 'id_str': '1428814700', 'name': 'Etown Chaplain', 'screen_name': 'EtownChaplain', 'location': 'Elizabethtown College, PA', 'description': '', 'url': 'http://t.co/C3qCQOuhcC', 'entities': {'url': {'urls': [{'url': 'http://t.co/C3qCQOuhcC', 'expanded_url': 'http://www.etown.edu/offices/chaplain', 'display_url': 'etown.edu/offices/chaplaâ€¦', 'indices': [0, 22]}]}, 'description': {'urls': []}}, 'protected': False, 'followers_count': 196, 'friends_count': 170, 'listed_count': 5, 'created_at': 'Tue May 14 20:49:02 +0000 2013', 'favourites_count': 530, 'utc_offset': None, 'time_zone': None, 'geo_enabled': False, 'verified': False, 'statuses_count': 439, 'lang': 'en', 'contributors_enabled': False, 'is_translator': False, 'is_translation_enabled': False, 'profile_background_color': '1D1999', 'profile_background_image_url': 'http://pbs.twimg.com/profile_background_images/868525131/c4a0aca5681c3673bb532ffe5133f046.jpeg', 'profile_background_image_url_https': 'https://pbs.twimg.com/profile_background_images/868525131/c4a0aca5681c3673bb532ffe5133f046.jpeg', 'profile_background_tile': False, 'profile_image_url': 'http://pbs.twimg.com/profile_images/3659853538/e8ed67b2975c7d995e1a7a82840102f1_normal.jpeg', 'profile_image_url_https': 'https://pbs.twimg.com/profile_images/3659853538/e8ed67b2975c7d995e1a7a82840102f1_normal.jpeg', 'profile_banner_url': 'https://pbs.twimg.com/profile_banners/1428814700/1368564808', 'profile_link_color': '358FBF', 'profile_sidebar_border_color': 'FFFFFF', 'profile_sidebar_fill_color': 'DDEEF6', 'profile_text_color': '333333', 'profile_use_background_image': False, 'has_extended_profile': False, 'default_profile': False, 'default_profile_image': False, 'following': None, 'follow_request_sent': None, 'notifications': None, 'translator_type': 'none'}, 'geo': None, 'coordinates': None, 'place': None, 'contributors': None, 'is_quote_status': False, 'retweet_count': 1, 'favorite_count': 0, 'favorited': False, 'retweeted': False, 'possibly_sensitive': False, 'lang': 'en'}",none,Wed Mar 01 03:02:50 +0000 2017
836741295813033984,836741295813033984,,,"@HillaryClinton @POTUS Wish you had this much energy for the Benghazi folks, go take a nap! #phonyoutrage","Hershey, PA",833298725959299072,"{'created_at': 'Wed Mar 01 00:54:05 +0000 2017', 'id': 836741295813033984, 'id_str': '836741295813033984', 'text': '@HillaryClinton @POTUS Wish you had this much energy for the Benghazi folks, go take a nap! #phonyoutrage', 'truncated': False, 'entities': {'hashtags': [{'text': 'phonyoutrage', 'indices': [92, 105]}], 'symbols': [], 'user_mentions': [{'screen_name': 'HillaryClinton', 'name': 'Hillary Clinton', 'id': 1339835893, 'id_str': '1339835893', 'indices': [0, 15]}, {'screen_name': 'POTUS', 'name': 'President Trump', 'id': 822215679726100480, 'id_str': '822215679726100480', 'indices': [16, 22]}], 'urls': []}, 'metadata': {'iso_language_code': 'en', 'result_type': 'recent'}, 'source': '<a href=""http://twitter.com/download/android"" rel=""nofollow"">Twitter for Android</a>', 'in_reply_to_status_id': 834027159148695552, 'in_reply_to_status_id_str': '834027159148695552', 'in_reply_to_user_id': 1339835893, 'in_reply_to_user_id_str': '1339835893', 'in_reply_to_screen_name': 'HillaryClinton', 'user': {'id': 833298725959299072, 'id_str': '833298725959299072', 'name': 'Chris Capozzolo', 'screen_name': 'chris_capozzolo', 'location': 'Hershey, PA', 'description': '', 'url': None, 'entities': {'description': {'urls': []}}, 'protected': False, 'followers_count': 4, 'friends_count': 16, 'listed_count': 0, 'created_at': 'Sun Feb 19 12:54:33 +0000 2017', 'favourites_count': 8, 'utc_offset': None, 'time_zone': None, 'geo_enabled': False, 'verified': False, 'statuses_count': 11, 'lang': 'en', 'contributors_enabled': False, 'is_translator': False, 'is_translation_enabled': False, 'profile_background_color': 'F5F8FA', 'profile_background_image_url': None, 'profile_background_image_url_https': None, 'profile_background_tile': False, 'profile_image_url': 'http://pbs.twimg.com/profile_images/836325476683689985/8-FQCEen_normal.jpg', 'profile_image_url_https': 'https://pbs.twimg.com/profile_images/836325476683689985/8-FQCEen_normal.jpg', 'profile_banner_url': 'https://pbs.twimg.com/profile_banners/833298725959299072/1487839498', 'profile_link_color': '1DA1F2', 'profile_sidebar_border_color': 'C0DEED', 'profile_sidebar_fill_color': 'DDEEF6', 'profile_text_color': '333333', 'profile_use_background_image': True, 'has_extended_profile': True, 'default_profile': True, 'default_profile_image': False, 'following': None, 'follow_request_sent': None, 'notifications': None, 'translator_type': 'none'}, 'geo': None, 'coordinates': None, 'place': None, 'contributors': None, 'is_quote_status': False, 'retweet_count': 0, 'favorite_count': 0, 'favorited': False, 'retweeted': False, 'lang': 'en'}",none,Wed Mar 01 00:54:05 +0000 2017
836962196328484864,836962196328484864,,,"Haven't shared this in a while...long read, but quite helpful!

Tips to Conserve Energy

Listed below are some... https://t.co/VgslZ4xXQt","Middletown, PA",93642075,"{'created_at': 'Wed Mar 01 15:31:52 +0000 2017', 'id': 836962196328484864, 'id_str': '836962196328484864', 'text': ""Haven't shared this in a while...long read, but quite helpful!\n\nTips to Conserve Energy\n\nListed below are some... https://t.co/VgslZ4xXQt"", 'truncated': False, 'entities': {'hashtags': [], 'symbols': [], 'user_mentions': [], 'urls': [{'url': 'https://t.co/VgslZ4xXQt', 'expanded_url': 'http://fb.me/38d36LOwP', 'display_url': 'fb.me/38d36LOwP', 'indices': [114, 137]}]}, 'metadata': {'iso_language_code': 'en', 'result_type': 'recent'}, 'source': '<a href=""http://www.facebook.com/twitter"" rel=""nofollow"">Facebook</a>', 'in_reply_to_status_id': None, 'in_reply_to_status_id_str': None, 'in_reply_to_user_id': None, 'in_reply_to_user_id_str': None, 'in_reply_to_screen_name': None, 'user': {'id': 93642075, 'id_str': '93642075', 'name': 'Village of Pineford', 'screen_name': 'Pineford17057', 'location': 'Middletown, PA', 'description': '', 'url': 'http://t.co/z4uxaAOOsL', 'entities': {'url': {'urls': [{'url': 'http://t.co/z4uxaAOOsL', 'expanded_url': 'http://www.villageofpineford.com', 'display_url': 'villageofpineford.com', 'indices': [0, 22]}]}, 'description': {'urls': []}}, 'protected': False, 'followers_count': 151, 'friends_count': 349, 'listed_count': 1, 'created_at': 'Mon Nov 30 14:39:30 +0000 2009', 'favourites_count': 0, 'utc_offset': -18000, 'time_zone': 'Eastern Time (US & Canada)', 'geo_enabled': True, 'verified': False, 'statuses_count': 1584, 'lang': 'en', 'contributors_enabled': False, 'is_translator': False, 'is_translation_enabled': False, 'profile_background_color': '095CF9', 'profile_background_image_url': 'http://pbs.twimg.com/profile_background_images/82294493/x29e6fd8cab147e18185a36d0c31369d.jpg', 'profile_background_image_url_https': 'https://pbs.twimg.com/profile_background_images/82294493/x29e6fd8cab147e18185a36d0c31369d.jpg', 'profile_background_tile': False, 'profile_image_url': 'http://pbs.twimg.com/profile_images/713867482/DSCF0154_edited_normal.JPG', 'profile_image_url_https': 'https://pbs.twimg.com/profile_images/713867482/DSCF0154_edited_normal.JPG', 'profile_link_color': '0A2FFA', 'profile_sidebar_border_color': '0A62FA', 'profile_sidebar_fill_color': 'FAF60A', 'profile_text_color': '1D0AFA', 'profile_use_background_image': True, 'has_extended_profile': False, 'default_profile': False, 'default_profile_image': False, 'following': None, 'follow_request_sent': None, 'notifications': None, 'translator_type': 'none'}, 'geo': None, 'coordinates': None, 'place': None, 'contributors': None, 'is_quote_status': False, 'retweet_count': 0, 'favorite_count': 0, 'favorited': False, 'retweeted': False, 'possibly_sensitive': False, 'lang': 'en'}",none,Wed Mar 01 15:31:52 +0000 2017
